Words,,,,,0.005602240896,Most common char,Char Count,,,cynic,c,y,n,i,c,c,2,,0.88%
abaya,a,b,a,y,a,a,3,,,cycad,c,y,c,a,d,c,2,,
agora,a,g,o,r,a,a,2,,,cycle,c,y,c,l,e,c,2,,
aloha,a,l,o,h,a,a,2,,,eyrie,e,y,r,i,e,e,2,,
alpha,a,l,p,h,a,a,2,,,dying,d,y,i,n,g,,0,,
anima,a,n,i,m,a,a,2,,,eying,e,y,i,n,g,,0,,
aorta,a,o,r,t,a,a,2,,,lying,l,y,i,n,g,,0,,
apnea,a,p,n,e,a,a,2,,,nylon,n,y,l,o,n,n,2,,
areca,a,r,e,c,a,a,2,,,cyclo,c,y,c,l,o,c,2,,
arena,a,r,e,n,a,a,2,,,syrup,s,y,r,u,p,,0,,
aroma,a,r,o,m,a,a,2,,,byres,b,y,r,e,s,,0,,
asana,a,s,a,n,a,a,3,,,bytes,b,y,t,e,s,,0,,
asura,a,s,u,r,a,a,2,,,cysts,c,y,s,t,s,s,2,,
babka,b,a,b,k,a,b,2,,,dyads,d,y,a,d,s,d,2,,
balsa,b,a,l,s,a,a,2,,,dyers,d,y,e,r,s,,0,,
betta,b,e,t,t,a,t,2,,,dykes,d,y,k,e,s,,0,,
biota,b,i,o,t,a,,0,,,myths,m,y,t,h,s,,0,,
bubba,b,u,b,b,a,b,3,,,types,t,y,p,e,s,,0,,
bulla,b,u,l,l,a,l,2,,,tyres,t,y,r,e,s,,0,,
burka,b,u,r,k,a,,0,,,bylaw,b,y,l,a,w,,0,,
burqa,b,u,r,q,a,,0,,,byway,b,y,w,a,y,y,2,,
bursa,b,u,r,s,a,,0,,,,,,,,,,,,
calla,c,a,l,l,a,a,2,,,,,,,,,,,,
canna,c,a,n,n,a,a,2,,,,,,,,,,,,
chana,c,h,a,n,a,a,2,,,,,,,,,,,,
chica,c,h,i,c,a,c,2,,,,,,,,,,,,
china,c,h,i,n,a,,0,,,,,,,,,,,,
circa,c,i,r,c,a,c,2,,,,,,,,,,,,
cobia,c,o,b,i,a,,0,,,,,,,,,,,,
cobra,c,o,b,r,a,,0,,,,,,,,,,,,
cocoa,c,o,c,o,a,c,2,,,,,,,,,,,,
comma,c,o,m,m,a,m,2,,,,,,,,,,,,
conga,c,o,n,g,a,,0,,,,,,,,,,,,
copra,c,o,p,r,a,,0,,,,,,,,,,,,
cotta,c,o,t,t,a,t,2,,,,,,,,,,,,
culpa,c,u,l,p,a,,0,,,,,,,,,,,,
cuppa,c,u,p,p,a,p,2,,,,,,,,,,,,
curia,c,u,r,i,a,,0,,,,,,,,,,,,
dacha,d,a,c,h,a,a,2,,,,,,,,,,,,
delta,d,e,l,t,a,,0,,,,,,,,,,,,
dicta,d,i,c,t,a,,0,,,,,,,,,,,,
dogma,d,o,g,m,a,,0,,,,,,,,,,,,
donna,d,o,n,n,a,n,2,,,,,,,,,,,,
doula,d,o,u,l,a,,0,,,,,,,,,,,,
drama,d,r,a,m,a,a,2,,,,,,,,,,,,
edema,e,d,e,m,a,e,2,,,,,,,,,,,,
enema,e,n,e,m,a,e,2,,,,,,,,,,,,
extra,e,x,t,r,a,,0,,,,,,,,,,,,
facia,f,a,c,i,a,a,2,,,,,,,,,,,,
fatwa,f,a,t,w,a,a,2,,,,,,,,,,,,
fauna,f,a,u,n,a,a,2,,,,,,,,,,,,
fella,f,e,l,l,a,l,2,,,,,,,,,,,,
feria,f,e,r,i,a,,0,,,,,,,,,,,,
finca,f,i,n,c,a,,0,,,,,,,,,,,,
gamma,g,a,m,m,a,a,2,,,,,,,,,,,,
kinda,k,i,n,d,a,,0,,,,,,,,,,,,
media,m,e,d,i,a,,0,,,,,,,,,,,,
ninja,n,i,n,j,a,n,2,,,,,,,,,,,,
omega,o,m,e,g,a,,0,,,,,,,,,,,,
opera,o,p,e,r,a,,0,,,,,,,,,,,,
pasta,p,a,s,t,a,a,2,,,,,,,,,,,,
pizza,p,i,z,z,a,z,2,,,,,,,,,,,,
plaza,p,l,a,z,a,a,2,,,,,,,,,,,,
sigma,s,i,g,m,a,,0,,,,,,,,,,,,
ultra,u,l,t,r,a,,0,,,,,,,,,,,,
villa,v,i,l,l,a,l,2,,,,,,,,,,,,
vodka,v,o,d,k,a,,0,,,,,,,,,,,,
blurb,b,l,u,r,b,b,2,,,,,,,,,,,,
carob,c,a,r,o,b,,0,,,,,,,,,,,,
celeb,c,e,l,e,b,e,2,,,,,,,,,,,,
climb,c,l,i,m,b,,0,,,,,,,,,,,,
crumb,c,r,u,m,b,,0,,,,,,,,,,,,
dweeb,d,w,e,e,b,e,2,,,,,,,,,,,,
exurb,e,x,u,r,b,,0,,,,,,,,,,,,
thumb,t,h,u,m,b,,0,,,,,,,,,,,,
antic,a,n,t,i,c,,0,,,,,,,,,,,,
aspic,a,s,p,i,c,,0,,,,,,,,,,,,
attic,a,t,t,i,c,t,2,,,,,,,,,,,,
basic,b,a,s,i,c,,0,,,,,,,,,,,,
boric,b,o,r,i,c,,0,,,,,,,,,,,,
bronc,b,r,o,n,c,,0,,,,,,,,,,,,
civic,c,i,v,i,c,c,2,,,,,,,,,,,,
codec,c,o,d,e,c,c,2,,,,,,,,,,,,
colic,c,o,l,i,c,c,2,,,,,,,,,,,,
comic,c,o,m,i,c,c,2,,,,,,,,,,,,
conic,c,o,n,i,c,c,2,,,,,,,,,,,,
cubic,c,u,b,i,c,c,2,,,,,,,,,,,,
cynic,c,y,n,i,c,c,2,,,,,,,,,,,,
ethic,e,t,h,i,c,,0,,,,,,,,,,,,
logic,l,o,g,i,c,,0,,,,,,,,,,,,
magic,m,a,g,i,c,,0,,,,,,,,,,,,
music,m,u,s,i,c,,0,,,,,,,,,,,,
optic,o,p,t,i,c,,0,,,,,,,,,,,,
panic,p,a,n,i,c,,0,,,,,,,,,,,,
sonic,s,o,n,i,c,,0,,,,,,,,,,,,
topic,t,o,p,i,c,,0,,,,,,,,,,,,
toxic,t,o,x,i,c,,0,,,,,,,,,,,,
ached,a,c,h,e,d,,0,,,,,,,,,,,,
acrid,a,c,r,i,d,,0,,,,,,,,,,,,
acted,a,c,t,e,d,,0,,,,,,,,,,,,
added,a,d,d,e,d,d,3,,,,,,,,,,,,
ahead,a,h,e,a,d,a,2,,,,,,,,,,,,
ahold,a,h,o,l,d,,0,,,,,,,,,,,,
aided,a,i,d,e,d,d,2,,,,,,,,,,,,
ailed,a,i,l,e,d,,0,,,,,,,,,,,,
aimed,a,i,m,e,d,,0,,,,,,,,,,,,
aired,a,i,r,e,d,,0,,,,,,,,,,,,
alkyd,a,l,k,y,d,,0,,,,,,,,,,,,
aloud,a,l,o,u,d,,0,,,,,,,,,,,,
amend,a,m,e,n,d,,0,,,,,,,,,,,,
amped,a,m,p,e,d,,0,,,,,,,,,,,,
aphid,a,p,h,i,d,,0,,,,,,,,,,,,
armed,a,r,m,e,d,,0,,,,,,,,,,,,
asked,a,s,k,e,d,,0,,,,,,,,,,,,
avoid,a,v,o,i,d,,0,,,,,,,,,,,,
award,a,w,a,r,d,a,2,,,,,,,,,,,,
baked,b,a,k,e,d,,0,,,,,,,,,,,,
baled,b,a,l,e,d,,0,,,,,,,,,,,,
bared,b,a,r,e,d,,0,,,,,,,,,,,,
based,b,a,s,e,d,,0,,,,,,,,,,,,
bated,b,a,t,e,d,,0,,,,,,,,,,,,
bayed,b,a,y,e,d,,0,,,,,,,,,,,,
beard,b,e,a,r,d,,0,,,,,,,,,,,,
bided,b,i,d,e,d,d,2,,,,,,,,,,,,
biked,b,i,k,e,d,,0,,,,,,,,,,,,
bipod,b,i,p,o,d,,0,,,,,,,,,,,,
bland,b,l,a,n,d,,0,,,,,,,,,,,,
bleed,b,l,e,e,d,e,2,,,,,,,,,,,,
blend,b,l,e,n,d,,0,,,,,,,,,,,,
blind,b,l,i,n,d,,0,,,,,,,,,,,,
blond,b,l,o,n,d,,0,,,,,,,,,,,,
blood,b,l,o,o,d,o,2,,,,,,,,,,,,
blued,b,l,u,e,d,,0,,,,,,,,,,,,
board,b,o,a,r,d,,0,,,,,,,,,,,,
boded,b,o,d,e,d,d,2,,,,,,,,,,,,
boned,b,o,n,e,d,,0,,,,,,,,,,,,
booed,b,o,o,e,d,o,2,,,,,,,,,,,,
bored,b,o,r,e,d,,0,,,,,,,,,,,,
bound,b,o,u,n,d,,0,,,,,,,,,,,,
bowed,b,o,w,e,d,,0,,,,,,,,,,,,
boxed,b,o,x,e,d,,0,,,,,,,,,,,,
braid,b,r,a,i,d,,0,,,,,,,,,,,,
brand,b,r,a,n,d,,0,,,,,,,,,,,,
bread,b,r,e,a,d,,0,,,,,,,,,,,,
breed,b,r,e,e,d,e,2,,,,,,,,,,,,
broad,b,r,o,a,d,,0,,,,,,,,,,,,
brood,b,r,o,o,d,o,2,,,,,,,,,,,,
build,b,u,i,l,d,,0,,,,,,,,,,,,
bused,b,u,s,e,d,,0,,,,,,,,,,,,
caged,c,a,g,e,d,,0,,,,,,,,,,,,
caked,c,a,k,e,d,,0,,,,,,,,,,,,
caned,c,a,n,e,d,,0,,,,,,,,,,,,
canid,c,a,n,i,d,,0,,,,,,,,,,,,
caped,c,a,p,e,d,,0,,,,,,,,,,,,
cared,c,a,r,e,d,,0,,,,,,,,,,,,
cased,c,a,s,e,d,,0,,,,,,,,,,,,
caved,c,a,v,e,d,,0,,,,,,,,,,,,
ceded,c,e,d,e,d,e,2,,,,,,,,,,,,
chard,c,h,a,r,d,,0,,,,,,,,,,,,
child,c,h,i,l,d,,0,,,,,,,,,,,,
chord,c,h,o,r,d,,0,,,,,,,,,,,,
cited,c,i,t,e,d,,0,,,,,,,,,,,,
cloud,c,l,o,u,d,,0,,,,,,,,,,,,
clued,c,l,u,e,d,,0,,,,,,,,,,,,
coded,c,o,d,e,d,d,2,,,,,,,,,,,,
coned,c,o,n,e,d,,0,,,,,,,,,,,,
cooed,c,o,o,e,d,o,2,,,,,,,,,,,,
coped,c,o,p,e,d,,0,,,,,,,,,,,,
cored,c,o,r,e,d,,0,,,,,,,,,,,,
could,c,o,u,l,d,,0,,,,,,,,,,,,
cowed,c,o,w,e,d,,0,,,,,,,,,,,,
creed,c,r,e,e,d,e,2,,,,,,,,,,,,
cried,c,r,i,e,d,,0,,,,,,,,,,,,
crowd,c,r,o,w,d,,0,,,,,,,,,,,,
cubed,c,u,b,e,d,,0,,,,,,,,,,,,
cupid,c,u,p,i,d,,0,,,,,,,,,,,,
cured,c,u,r,e,d,,0,,,,,,,,,,,,
cycad,c,y,c,a,d,c,2,,,,,,,,,,,,
dared,d,a,r,e,d,d,2,,,,,,,,,,,,
dated,d,a,t,e,d,d,2,,,,,,,,,,,,
dazed,d,a,z,e,d,d,2,,,,,,,,,,,,
diced,d,i,c,e,d,d,2,,,,,,,,,,,,
diked,d,i,k,e,d,d,2,,,,,,,,,,,,
dined,d,i,n,e,d,d,2,,,,,,,,,,,,
dived,d,i,v,e,d,d,2,,,,,,,,,,,,
doled,d,o,l,e,d,d,2,,,,,,,,,,,,
domed,d,o,m,e,d,d,2,,,,,,,,,,,,
doped,d,o,p,e,d,d,2,,,,,,,,,,,,
dosed,d,o,s,e,d,d,2,,,,,,,,,,,,
doted,d,o,t,e,d,d,2,,,,,,,,,,,,
dozed,d,o,z,e,d,d,2,,,,,,,,,,,,
dread,d,r,e,a,d,d,2,,,,,,,,,,,,
dried,d,r,i,e,d,d,2,,,,,,,,,,,,
droid,d,r,o,i,d,d,2,,,,,,,,,,,,
druid,d,r,u,i,d,d,2,,,,,,,,,,,,
dryad,d,r,y,a,d,d,2,,,,,,,,,,,,
duped,d,u,p,e,d,d,2,,,,,,,,,,,,
eared,e,a,r,e,d,e,2,,,,,,,,,,,,
eased,e,a,s,e,d,e,2,,,,,,,,,,,,
ebbed,e,b,b,e,d,e,2,,,,,,,,,,,,
edged,e,d,g,e,d,e,2,,,,,,,,,,,,
egged,e,g,g,e,d,e,2,,,,,,,,,,,,
eland,e,l,a,n,d,,0,,,,,,,,,,,,
embed,e,m,b,e,d,e,2,,,,,,,,,,,,
ended,e,n,d,e,d,e,2,,,,,,,,,,,,
erred,e,r,r,e,d,e,2,,,,,,,,,,,,
faced,f,a,c,e,d,,0,,,,,,,,,,,,
faded,f,a,d,e,d,d,2,,,,,,,,,,,,
faked,f,a,k,e,d,,0,,,,,,,,,,,,
famed,f,a,m,e,d,,0,,,,,,,,,,,,
fared,f,a,r,e,d,,0,,,,,,,,,,,,
fated,f,a,t,e,d,,0,,,,,,,,,,,,
faxed,f,a,x,e,d,,0,,,,,,,,,,,,
fazed,f,a,z,e,d,,0,,,,,,,,,,,,
feted,f,e,t,e,d,e,2,,,,,,,,,,,,
fetid,f,e,t,i,d,,0,,,,,,,,,,,,
field,f,i,e,l,d,,0,,,,,,,,,,,,
fiend,f,i,e,n,d,,0,,,,,,,,,,,,
filed,f,i,l,e,d,,0,,,,,,,,,,,,
fined,f,i,n,e,d,,0,,,,,,,,,,,,
fiord,f,i,o,r,d,,0,,,,,,,,,,,,
fired,f,i,r,e,d,,0,,,,,,,,,,,,
fixed,f,i,x,e,d,,0,,,,,,,,,,,,
fjord,f,j,o,r,d,,0,,,,,,,,,,,,
flood,f,l,o,o,d,o,2,,,,,,,,,,,,
fluid,f,l,u,i,d,,0,,,,,,,,,,,,
found,f,o,u,n,d,,0,,,,,,,,,,,,
fraud,f,r,a,u,d,,0,,,,,,,,,,,,
fried,f,r,i,e,d,,0,,,,,,,,,,,,
gland,g,l,a,n,d,,0,,,,,,,,,,,,
glued,g,l,u,e,d,,0,,,,,,,,,,,,
grand,g,r,a,n,d,,0,,,,,,,,,,,,
grind,g,r,i,n,d,,0,,,,,,,,,,,,
guard,g,u,a,r,d,,0,,,,,,,,,,,,
guild,g,u,i,l,d,,0,,,,,,,,,,,,
hated,h,a,t,e,d,,0,,,,,,,,,,,,
heard,h,e,a,r,d,,0,,,,,,,,,,,,
hired,h,i,r,e,d,,0,,,,,,,,,,,,
hoped,h,o,p,e,d,,0,,,,,,,,,,,,
liked,l,i,k,e,d,,0,,,,,,,,,,,,
lined,l,i,n,e,d,,0,,,,,,,,,,,,
lived,l,i,v,e,d,,0,,,,,,,,,,,,
loved,l,o,v,e,d,,0,,,,,,,,,,,,
mixed,m,i,x,e,d,,0,,,,,,,,,,,,
moved,m,o,v,e,d,,0,,,,,,,,,,,,
naked,n,a,k,e,d,,0,,,,,,,,,,,,
named,n,a,m,e,d,,0,,,,,,,,,,,,
noted,n,o,t,e,d,,0,,,,,,,,,,,,
opted,o,p,t,e,d,,0,,,,,,,,,,,,
owned,o,w,n,e,d,,0,,,,,,,,,,,,
posed,p,o,s,e,d,,0,,,,,,,,,,,,
pound,p,o,u,n,d,,0,,,,,,,,,,,,
proud,p,r,o,u,d,,0,,,,,,,,,,,,
rapid,r,a,p,i,d,,0,,,,,,,,,,,,
rated,r,a,t,e,d,,0,,,,,,,,,,,,
rigid,r,i,g,i,d,i,2,,,,,,,,,,,,
round,r,o,u,n,d,,0,,,,,,,,,,,,
ruled,r,u,l,e,d,,0,,,,,,,,,,,,
salad,s,a,l,a,d,a,2,,,,,,,,,,,,
saved,s,a,v,e,d,,0,,,,,,,,,,,,
sized,s,i,z,e,d,,0,,,,,,,,,,,,
solid,s,o,l,i,d,,0,,,,,,,,,,,,
sound,s,o,u,n,d,,0,,,,,,,,,,,,
speed,s,p,e,e,d,e,2,,,,,,,,,,,,
spend,s,p,e,n,d,,0,,,,,,,,,,,,
squad,s,q,u,a,d,,0,,,,,,,,,,,,
stand,s,t,a,n,d,,0,,,,,,,,,,,,
stood,s,t,o,o,d,o,2,,,,,,,,,,,,
sword,s,w,o,r,d,,0,,,,,,,,,,,,
third,t,h,i,r,d,,0,,,,,,,,,,,,
tired,t,i,r,e,d,,0,,,,,,,,,,,,
trend,t,r,e,n,d,,0,,,,,,,,,,,,
tried,t,r,i,e,d,,0,,,,,,,,,,,,
tuned,t,u,n,e,d,,0,,,,,,,,,,,,
urged,u,r,g,e,d,,0,,,,,,,,,,,,
valid,v,a,l,i,d,,0,,,,,,,,,,,,
vivid,v,i,v,i,d,v,2,,,,,,,,,,,,
voted,v,o,t,e,d,,0,,,,,,,,,,,,
weird,w,e,i,r,d,,0,,,,,,,,,,,,
wiped,w,i,p,e,d,,0,,,,,,,,,,,,
wired,w,i,r,e,d,,0,,,,,,,,,,,,
world,w,o,r,l,d,,0,,,,,,,,,,,,
would,w,o,u,l,d,,0,,,,,,,,,,,,
wound,w,o,u,n,d,,0,,,,,,,,,,,,
yield,y,i,e,l,d,,0,,,,,,,,,,,,
abase,a,b,a,s,e,a,2,,,,,,,,,,,,
abate,a,b,a,t,e,a,2,,,,,,,,,,,,
abide,a,b,i,d,e,,0,,,,,,,,,,,,
abode,a,b,o,d,e,,0,,,,,,,,,,,,
above,a,b,o,v,e,,0,,,,,,,,,,,,
abuse,a,b,u,s,e,,0,,,,,,,,,,,,
ackee,a,c,k,e,e,e,2,,,,,,,,,,,,
acute,a,c,u,t,e,,0,,,,,,,,,,,,
adage,a,d,a,g,e,a,2,,,,,,,,,,,,
addle,a,d,d,l,e,d,2,,,,,,,,,,,,
adobe,a,d,o,b,e,,0,,,,,,,,,,,,
adore,a,d,o,r,e,,0,,,,,,,,,,,,
aerie,a,e,r,i,e,e,2,,,,,,,,,,,,
afire,a,f,i,r,e,,0,,,,,,,,,,,,
afore,a,f,o,r,e,,0,,,,,,,,,,,,
agape,a,g,a,p,e,a,2,,,,,,,,,,,,
agate,a,g,a,t,e,a,2,,,,,,,,,,,,
agave,a,g,a,v,e,a,2,,,,,,,,,,,,
agile,a,g,i,l,e,,0,,,,,,,,,,,,
agree,a,g,r,e,e,e,2,,,,,,,,,,,,
aisle,a,i,s,l,e,,0,,,,,,,,,,,,
algae,a,l,g,a,e,a,2,,,,,,,,,,,,
alike,a,l,i,k,e,,0,,,,,,,,,,,,
alive,a,l,i,v,e,,0,,,,,,,,,,,,
alone,a,l,o,n,e,,0,,,,,,,,,,,,
amaze,a,m,a,z,e,a,2,,,,,,,,,,,,
amble,a,m,b,l,e,,0,,,,,,,,,,,,
amide,a,m,i,d,e,,0,,,,,,,,,,,,
amine,a,m,i,n,e,,0,,,,,,,,,,,,
ample,a,m,p,l,e,,0,,,,,,,,,,,,
amuse,a,m,u,s,e,,0,,,,,,,,,,,,
angle,a,n,g,l,e,,0,,,,,,,,,,,,
anime,a,n,i,m,e,,0,,,,,,,,,,,,
anise,a,n,i,s,e,,0,,,,,,,,,,,,
ankle,a,n,k,l,e,,0,,,,,,,,,,,,
anode,a,n,o,d,e,,0,,,,,,,,,,,,
anole,a,n,o,l,e,,0,,,,,,,,,,,,
apace,a,p,a,c,e,a,2,,,,,,,,,,,,
apple,a,p,p,l,e,p,2,,,,,,,,,,,,
argue,a,r,g,u,e,,0,,,,,,,,,,,,
arise,a,r,i,s,e,,0,,,,,,,,,,,,
arose,a,r,o,s,e,,0,,,,,,,,,,,,
aside,a,s,i,d,e,,0,,,,,,,,,,,,
atone,a,t,o,n,e,,0,,,,,,,,,,,,
awake,a,w,a,k,e,a,2,,,,,,,,,,,,
aware,a,w,a,r,e,a,2,,,,,,,,,,,,
awoke,a,w,o,k,e,,0,,,,,,,,,,,,
azide,a,z,i,d,e,,0,,,,,,,,,,,,
azole,a,z,o,l,e,,0,,,,,,,,,,,,
azure,a,z,u,r,e,,0,,,,,,,,,,,,
badge,b,a,d,g,e,,0,,,,,,,,,,,,
baize,b,a,i,z,e,,0,,,,,,,,,,,,
barge,b,a,r,g,e,,0,,,,,,,,,,,,
barre,b,a,r,r,e,r,2,,,,,,,,,,,,
baste,b,a,s,t,e,,0,,,,,,,,,,,,
bathe,b,a,t,h,e,,0,,,,,,,,,,,,
beige,b,e,i,g,e,e,2,,,,,,,,,,,,
belie,b,e,l,i,e,e,2,,,,,,,,,,,,
belle,b,e,l,l,e,e,2,,,,,,,,,,,,
bible,b,i,b,l,e,b,2,,,,,,,,,,,,
bilge,b,i,l,g,e,,0,,,,,,,,,,,,
binge,b,i,n,g,e,,0,,,,,,,,,,,,
biome,b,i,o,m,e,,0,,,,,,,,,,,,
blade,b,l,a,d,e,,0,,,,,,,,,,,,
blame,b,l,a,m,e,,0,,,,,,,,,,,,
blare,b,l,a,r,e,,0,,,,,,,,,,,,
blase,b,l,a,s,e,,0,,,,,,,,,,,,
blaze,b,l,a,z,e,,0,,,,,,,,,,,,
bloke,b,l,o,k,e,,0,,,,,,,,,,,,
bocce,b,o,c,c,e,c,2,,,,,,,,,,,,
boche,b,o,c,h,e,,0,,,,,,,,,,,,
bogie,b,o,g,i,e,,0,,,,,,,,,,,,
bombe,b,o,m,b,e,b,2,,,,,,,,,,,,
booze,b,o,o,z,e,o,2,,,,,,,,,,,,
borne,b,o,r,n,e,,0,,,,,,,,,,,,
boule,b,o,u,l,e,,0,,,,,,,,,,,,
brace,b,r,a,c,e,,0,,,,,,,,,,,,
brake,b,r,a,k,e,,0,,,,,,,,,,,,
brave,b,r,a,v,e,,0,,,,,,,,,,,,
braze,b,r,a,z,e,,0,,,,,,,,,,,,
bribe,b,r,i,b,e,b,2,,,,,,,,,,,,
bride,b,r,i,d,e,,0,,,,,,,,,,,,
brine,b,r,i,n,e,,0,,,,,,,,,,,,
broke,b,r,o,k,e,,0,,,,,,,,,,,,
brome,b,r,o,m,e,,0,,,,,,,,,,,,
brute,b,r,u,t,e,,0,,,,,,,,,,,,
budge,b,u,d,g,e,,0,,,,,,,,,,,,
bugle,b,u,g,l,e,,0,,,,,,,,,,,,
bulge,b,u,l,g,e,,0,,,,,,,,,,,,
butte,b,u,t,t,e,t,2,,,,,,,,,,,,
cable,c,a,b,l,e,,0,,,,,,,,,,,,
cache,c,a,c,h,e,c,2,,,,,,,,,,,,
cadre,c,a,d,r,e,,0,,,,,,,,,,,,
calve,c,a,l,v,e,,0,,,,,,,,,,,,
canoe,c,a,n,o,e,,0,,,,,,,,,,,,
carte,c,a,r,t,e,,0,,,,,,,,,,,,
carve,c,a,r,v,e,,0,,,,,,,,,,,,
caste,c,a,s,t,e,,0,,,,,,,,,,,,
cause,c,a,u,s,e,,0,,,,,,,,,,,,
cease,c,e,a,s,e,e,2,,,,,,,,,,,,
chafe,c,h,a,f,e,,0,,,,,,,,,,,,
chase,c,h,a,s,e,,0,,,,,,,,,,,,
chide,c,h,i,d,e,,0,,,,,,,,,,,,
chile,c,h,i,l,e,,0,,,,,,,,,,,,
chime,c,h,i,m,e,,0,,,,,,,,,,,,
chine,c,h,i,n,e,,0,,,,,,,,,,,,
chive,c,h,i,v,e,,0,,,,,,,,,,,,
choke,c,h,o,k,e,,0,,,,,,,,,,,,
chore,c,h,o,r,e,,0,,,,,,,,,,,,
chose,c,h,o,s,e,,0,,,,,,,,,,,,
chute,c,h,u,t,e,,0,,,,,,,,,,,,
clade,c,l,a,d,e,,0,,,,,,,,,,,,
clave,c,l,a,v,e,,0,,,,,,,,,,,,
clime,c,l,i,m,e,,0,,,,,,,,,,,,
cline,c,l,i,n,e,,0,,,,,,,,,,,,
clone,c,l,o,n,e,,0,,,,,,,,,,,,
close,c,l,o,s,e,,0,,,,,,,,,,,,
clove,c,l,o,v,e,,0,,,,,,,,,,,,
comte,c,o,m,t,e,,0,,,,,,,,,,,,
copse,c,o,p,s,e,,0,,,,,,,,,,,,
coupe,c,o,u,p,e,,0,,,,,,,,,,,,
crane,c,r,a,n,e,,0,,,,,,,,,,,,
crape,c,r,a,p,e,,0,,,,,,,,,,,,
crate,c,r,a,t,e,,0,,,,,,,,,,,,
crave,c,r,a,v,e,,0,,,,,,,,,,,,
craze,c,r,a,z,e,,0,,,,,,,,,,,,
creme,c,r,e,m,e,e,2,,,,,,,,,,,,
crepe,c,r,e,p,e,e,2,,,,,,,,,,,,
crime,c,r,i,m,e,,0,,,,,,,,,,,,
crone,c,r,o,n,e,,0,,,,,,,,,,,,
crude,c,r,u,d,e,,0,,,,,,,,,,,,
cruse,c,r,u,s,e,,0,,,,,,,,,,,,
curse,c,u,r,s,e,,0,,,,,,,,,,,,
curve,c,u,r,v,e,,0,,,,,,,,,,,,
cutie,c,u,t,i,e,,0,,,,,,,,,,,,
cycle,c,y,c,l,e,c,2,,,,,,,,,,,,
dance,d,a,n,c,e,,0,,,,,,,,,,,,
delve,d,e,l,v,e,e,2,,,,,,,,,,,,
dense,d,e,n,s,e,e,2,,,,,,,,,,,,
deuce,d,e,u,c,e,e,2,,,,,,,,,,,,
diode,d,i,o,d,e,d,2,,,,,,,,,,,,
dirge,d,i,r,g,e,,0,,,,,,,,,,,,
dodge,d,o,d,g,e,d,2,,,,,,,,,,,,
donee,d,o,n,e,e,e,2,,,,,,,,,,,,
douse,d,o,u,s,e,,0,,,,,,,,,,,,
dowse,d,o,w,s,e,,0,,,,,,,,,,,,
drake,d,r,a,k,e,,0,,,,,,,,,,,,
drape,d,r,a,p,e,,0,,,,,,,,,,,,
drive,d,r,i,v,e,,0,,,,,,,,,,,,
drone,d,r,o,n,e,,0,,,,,,,,,,,,
drove,d,r,o,v,e,,0,,,,,,,,,,,,
drupe,d,r,u,p,e,,0,,,,,,,,,,,,
dulse,d,u,l,s,e,,0,,,,,,,,,,,,
dunce,d,u,n,c,e,,0,,,,,,,,,,,,
eagle,e,a,g,l,e,e,2,,,,,,,,,,,,
eerie,e,e,r,i,e,e,3,,,,,,,,,,,,
elide,e,l,i,d,e,e,2,,,,,,,,,,,,
elite,e,l,i,t,e,e,2,,,,,,,,,,,,
elope,e,l,o,p,e,e,2,,,,,,,,,,,,
elude,e,l,u,d,e,e,2,,,,,,,,,,,,
elute,e,l,u,t,e,e,2,,,,,,,,,,,,
emcee,e,m,c,e,e,e,3,,,,,,,,,,,,
emote,e,m,o,t,e,e,2,,,,,,,,,,,,
ensue,e,n,s,u,e,e,2,,,,,,,,,,,,
erase,e,r,a,s,e,e,2,,,,,,,,,,,,
erode,e,r,o,d,e,e,2,,,,,,,,,,,,
etude,e,t,u,d,e,e,2,,,,,,,,,,,,
evade,e,v,a,d,e,e,2,,,,,,,,,,,,
evoke,e,v,o,k,e,e,2,,,,,,,,,,,,
exile,e,x,i,l,e,e,2,,,,,,,,,,,,
exude,e,x,u,d,e,e,2,,,,,,,,,,,,
eyrie,e,y,r,i,e,e,2,,,,,,,,,,,,
fable,f,a,b,l,e,,0,,,,,,,,,,,,
fakie,f,a,k,i,e,,0,,,,,,,,,,,,
farce,f,a,r,c,e,,0,,,,,,,,,,,,
femme,f,e,m,m,e,e,2,,,,,,,,,,,,
fence,f,e,n,c,e,e,2,,,,,,,,,,,,
fibre,f,i,b,r,e,,0,,,,,,,,,,,,
fiche,f,i,c,h,e,,0,,,,,,,,,,,,
flake,f,l,a,k,e,,0,,,,,,,,,,,,
flame,f,l,a,m,e,,0,,,,,,,,,,,,
flare,f,l,a,r,e,,0,,,,,,,,,,,,
force,f,o,r,c,e,,0,,,,,,,,,,,,
frame,f,r,a,m,e,,0,,,,,,,,,,,,
gauge,g,a,u,g,e,g,2,,,,,,,,,,,,
genre,g,e,n,r,e,e,2,,,,,,,,,,,,
globe,g,l,o,b,e,,0,,,,,,,,,,,,
glove,g,l,o,v,e,,0,,,,,,,,,,,,
grace,g,r,a,c,e,,0,,,,,,,,,,,,
grade,g,r,a,d,e,,0,,,,,,,,,,,,
grape,g,r,a,p,e,,0,,,,,,,,,,,,
grave,g,r,a,v,e,,0,,,,,,,,,,,,
grove,g,r,o,v,e,,0,,,,,,,,,,,,
guide,g,u,i,d,e,,0,,,,,,,,,,,,
hedge,h,e,d,g,e,e,2,,,,,,,,,,,,
hence,h,e,n,c,e,e,2,,,,,,,,,,,,
horse,h,o,r,s,e,,0,,,,,,,,,,,,
house,h,o,u,s,e,,0,,,,,,,,,,,,
image,i,m,a,g,e,,0,,,,,,,,,,,,
indie,i,n,d,i,e,i,2,,,,,,,,,,,,
issue,i,s,s,u,e,s,2,,,,,,,,,,,,
judge,j,u,d,g,e,,0,,,,,,,,,,,,
juice,j,u,i,c,e,,0,,,,,,,,,,,,
knife,k,n,i,f,e,,0,,,,,,,,,,,,
large,l,a,r,g,e,,0,,,,,,,,,,,,
lease,l,e,a,s,e,e,2,,,,,,,,,,,,
leave,l,e,a,v,e,e,2,,,,,,,,,,,,
lodge,l,o,d,g,e,,0,,,,,,,,,,,,
loose,l,o,o,s,e,o,2,,,,,,,,,,,,
maple,m,a,p,l,e,,0,,,,,,,,,,,,
matte,m,a,t,t,e,t,2,,,,,,,,,,,,
maybe,m,a,y,b,e,,0,,,,,,,,,,,,
melee,m,e,l,e,e,e,3,,,,,,,,,,,,
merge,m,e,r,g,e,e,2,,,,,,,,,,,,
mouse,m,o,u,s,e,,0,,,,,,,,,,,,
movie,m,o,v,i,e,,0,,,,,,,,,,,,
nerve,n,e,r,v,e,e,2,,,,,,,,,,,,
niche,n,i,c,h,e,,0,,,,,,,,,,,,
noble,n,o,b,l,e,,0,,,,,,,,,,,,
noise,n,o,i,s,e,,0,,,,,,,,,,,,
nurse,n,u,r,s,e,,0,,,,,,,,,,,,
olive,o,l,i,v,e,,0,,,,,,,,,,,,
ounce,o,u,n,c,e,,0,,,,,,,,,,,,
oxide,o,x,i,d,e,,0,,,,,,,,,,,,
paste,p,a,s,t,e,,0,,,,,,,,,,,,
pause,p,a,u,s,e,,0,,,,,,,,,,,,
peace,p,e,a,c,e,e,2,,,,,,,,,,,,
phase,p,h,a,s,e,,0,,,,,,,,,,,,
phone,p,h,o,n,e,,0,,,,,,,,,,,,
piece,p,i,e,c,e,e,2,,,,,,,,,,,,
place,p,l,a,c,e,,0,,,,,,,,,,,,
plane,p,l,a,n,e,,0,,,,,,,,,,,,
plate,p,l,a,t,e,,0,,,,,,,,,,,,
price,p,r,i,c,e,,0,,,,,,,,,,,,
pride,p,r,i,d,e,,0,,,,,,,,,,,,
prime,p,r,i,m,e,,0,,,,,,,,,,,,
prize,p,r,i,z,e,,0,,,,,,,,,,,,
probe,p,r,o,b,e,,0,,,,,,,,,,,,
prone,p,r,o,n,e,,0,,,,,,,,,,,,
prove,p,r,o,v,e,,0,,,,,,,,,,,,
pulse,p,u,l,s,e,,0,,,,,,,,,,,,
purse,p,u,r,s,e,,0,,,,,,,,,,,,
queue,q,u,e,u,e,u,2,,,,,,,,,,,,
quite,q,u,i,t,e,,0,,,,,,,,,,,,
quote,q,u,o,t,e,,0,,,,,,,,,,,,
raise,r,a,i,s,e,,0,,,,,,,,,,,,
range,r,a,n,g,e,,0,,,,,,,,,,,,
ridge,r,i,d,g,e,,0,,,,,,,,,,,,
rifle,r,i,f,l,e,,0,,,,,,,,,,,,
rinse,r,i,n,s,e,,0,,,,,,,,,,,,
rogue,r,o,g,u,e,,0,,,,,,,,,,,,
route,r,o,u,t,e,,0,,,,,,,,,,,,
sauce,s,a,u,c,e,,0,,,,,,,,,,,,
scale,s,c,a,l,e,,0,,,,,,,,,,,,
scare,s,c,a,r,e,,0,,,,,,,,,,,,
scene,s,c,e,n,e,e,2,,,,,,,,,,,,
scope,s,c,o,p,e,,0,,,,,,,,,,,,
score,s,c,o,r,e,,0,,,,,,,,,,,,
sense,s,e,n,s,e,s,2,,,,,,,,,,,,
serve,s,e,r,v,e,e,2,,,,,,,,,,,,
shade,s,h,a,d,e,,0,,,,,,,,,,,,
shake,s,h,a,k,e,,0,,,,,,,,,,,,
shame,s,h,a,m,e,,0,,,,,,,,,,,,
shape,s,h,a,p,e,,0,,,,,,,,,,,,
share,s,h,a,r,e,,0,,,,,,,,,,,,
shine,s,h,i,n,e,,0,,,,,,,,,,,,
shore,s,h,o,r,e,,0,,,,,,,,,,,,
siege,s,i,e,g,e,e,2,,,,,,,,,,,,
since,s,i,n,c,e,,0,,,,,,,,,,,,
slate,s,l,a,t,e,,0,,,,,,,,,,,,
slave,s,l,a,v,e,,0,,,,,,,,,,,,
slice,s,l,i,c,e,,0,,,,,,,,,,,,
slide,s,l,i,d,e,,0,,,,,,,,,,,,
slope,s,l,o,p,e,,0,,,,,,,,,,,,
smile,s,m,i,l,e,,0,,,,,,,,,,,,
smoke,s,m,o,k,e,,0,,,,,,,,,,,,
snake,s,n,a,k,e,,0,,,,,,,,,,,,
solve,s,o,l,v,e,,0,,,,,,,,,,,,
space,s,p,a,c,e,,0,,,,,,,,,,,,
spare,s,p,a,r,e,,0,,,,,,,,,,,,
spice,s,p,i,c,e,,0,,,,,,,,,,,,
spike,s,p,i,k,e,,0,,,,,,,,,,,,
spine,s,p,i,n,e,,0,,,,,,,,,,,,
spite,s,p,i,t,e,,0,,,,,,,,,,,,
spoke,s,p,o,k,e,,0,,,,,,,,,,,,
stage,s,t,a,g,e,,0,,,,,,,,,,,,
stake,s,t,a,k,e,,0,,,,,,,,,,,,
state,s,t,a,t,e,t,2,,,,,,,,,,,,
stole,s,t,o,l,e,,0,,,,,,,,,,,,
stone,s,t,o,n,e,,0,,,,,,,,,,,,
store,s,t,o,r,e,,0,,,,,,,,,,,,
stove,s,t,o,v,e,,0,,,,,,,,,,,,
style,s,t,y,l,e,,0,,,,,,,,,,,,
suite,s,u,i,t,e,,0,,,,,,,,,,,,
surge,s,u,r,g,e,,0,,,,,,,,,,,,
table,t,a,b,l,e,,0,,,,,,,,,,,,
taste,t,a,s,t,e,t,2,,,,,,,,,,,,
theme,t,h,e,m,e,e,2,,,,,,,,,,,,
there,t,h,e,r,e,e,2,,,,,,,,,,,,
these,t,h,e,s,e,e,2,,,,,,,,,,,,
those,t,h,o,s,e,,0,,,,,,,,,,,,
three,t,h,r,e,e,e,2,,,,,,,,,,,,
title,t,i,t,l,e,t,2,,,,,,,,,,,,
trace,t,r,a,c,e,,0,,,,,,,,,,,,
trade,t,r,a,d,e,,0,,,,,,,,,,,,
tribe,t,r,i,b,e,,0,,,,,,,,,,,,
twice,t,w,i,c,e,,0,,,,,,,,,,,,
uncle,u,n,c,l,e,,0,,,,,,,,,,,,
unite,u,n,i,t,e,,0,,,,,,,,,,,,
urine,u,r,i,n,e,,0,,,,,,,,,,,,
usage,u,s,a,g,e,,0,,,,,,,,,,,,
vague,v,a,g,u,e,,0,,,,,,,,,,,,
value,v,a,l,u,e,,0,,,,,,,,,,,,
valve,v,a,l,v,e,v,2,,,,,,,,,,,,
venue,v,e,n,u,e,e,2,,,,,,,,,,,,
verse,v,e,r,s,e,e,2,,,,,,,,,,,,
voice,v,o,i,c,e,,0,,,,,,,,,,,,
waste,w,a,s,t,e,,0,,,,,,,,,,,,
whale,w,h,a,l,e,,0,,,,,,,,,,,,
where,w,h,e,r,e,e,2,,,,,,,,,,,,
while,w,h,i,l,e,,0,,,,,,,,,,,,
white,w,h,i,t,e,,0,,,,,,,,,,,,
whole,w,h,o,l,e,,0,,,,,,,,,,,,
whose,w,h,o,s,e,,0,,,,,,,,,,,,
worse,w,o,r,s,e,,0,,,,,,,,,,,,
write,w,r,i,t,e,,0,,,,,,,,,,,,
wrote,w,r,o,t,e,,0,,,,,,,,,,,,
aloof,a,l,o,o,f,o,2,,,,,,,,,,,,
bluff,b,l,u,f,f,f,2,,,,,,,,,,,,
brief,b,r,i,e,f,,0,,,,,,,,,,,,
calif,c,a,l,i,f,,0,,,,,,,,,,,,
chaff,c,h,a,f,f,f,2,,,,,,,,,,,,
chief,c,h,i,e,f,,0,,,,,,,,,,,,
chuff,c,h,u,f,f,f,2,,,,,,,,,,,,
cliff,c,l,i,f,f,f,2,,,,,,,,,,,,
decaf,d,e,c,a,f,,0,,,,,,,,,,,,
dwarf,d,w,a,r,f,,0,,,,,,,,,,,,
grief,g,r,i,e,f,,0,,,,,,,,,,,,
proof,p,r,o,o,f,o,2,,,,,,,,,,,,
scarf,s,c,a,r,f,,0,,,,,,,,,,,,
shelf,s,h,e,l,f,,0,,,,,,,,,,,,
staff,s,t,a,f,f,f,2,,,,,,,,,,,,
stiff,s,t,i,f,f,f,2,,,,,,,,,,,,
stuff,s,t,u,f,f,f,2,,,,,,,,,,,,
thief,t,h,i,e,f,,0,,,,,,,,,,,,
acing,a,c,i,n,g,,0,,,,,,,,,,,,
aging,a,g,i,n,g,g,2,,,,,,,,,,,,
along,a,l,o,n,g,,0,,,,,,,,,,,,
among,a,m,o,n,g,,0,,,,,,,,,,,,
axing,a,x,i,n,g,,0,,,,,,,,,,,,
being,b,e,i,n,g,,0,,,,,,,,,,,,
bling,b,l,i,n,g,,0,,,,,,,,,,,,
bring,b,r,i,n,g,,0,,,,,,,,,,,,
ching,c,h,i,n,g,,0,,,,,,,,,,,,
clang,c,l,a,n,g,,0,,,,,,,,,,,,
cling,c,l,i,n,g,,0,,,,,,,,,,,,
clung,c,l,u,n,g,,0,,,,,,,,,,,,
debug,d,e,b,u,g,,0,,,,,,,,,,,,
doing,d,o,i,n,g,,0,,,,,,,,,,,,
dying,d,y,i,n,g,,0,,,,,,,,,,,,
eying,e,y,i,n,g,,0,,,,,,,,,,,,
fling,f,l,i,n,g,,0,,,,,,,,,,,,
going,g,o,i,n,g,g,2,,,,,,,,,,,,
lying,l,y,i,n,g,,0,,,,,,,,,,,,
swing,s,w,i,n,g,,0,,,,,,,,,,,,
thing,t,h,i,n,g,,0,,,,,,,,,,,,
using,u,s,i,n,g,,0,,,,,,,,,,,,
wrong,w,r,o,n,g,,0,,,,,,,,,,,,
young,y,o,u,n,g,,0,,,,,,,,,,,,
aleph,a,l,e,p,h,,0,,,,,,,,,,,,
awash,a,w,a,s,h,a,2,,,,,,,,,,,,
batch,b,a,t,c,h,,0,,,,,,,,,,,,
beach,b,e,a,c,h,,0,,,,,,,,,,,,
beech,b,e,e,c,h,e,2,,,,,,,,,,,,
belch,b,e,l,c,h,,0,,,,,,,,,,,,
bench,b,e,n,c,h,,0,,,,,,,,,,,,
berth,b,e,r,t,h,,0,,,,,,,,,,,,
birch,b,i,r,c,h,,0,,,,,,,,,,,,
birth,b,i,r,t,h,,0,,,,,,,,,,,,
bitch,b,i,t,c,h,,0,,,,,,,,,,,,
blush,b,l,u,s,h,,0,,,,,,,,,,,,
booth,b,o,o,t,h,o,2,,,,,,,,,,,,
botch,b,o,t,c,h,,0,,,,,,,,,,,,
bough,b,o,u,g,h,,0,,,,,,,,,,,,
brash,b,r,a,s,h,,0,,,,,,,,,,,,
broch,b,r,o,c,h,,0,,,,,,,,,,,,
broth,b,r,o,t,h,,0,,,,,,,,,,,,
brush,b,r,u,s,h,,0,,,,,,,,,,,,
bunch,b,u,n,c,h,,0,,,,,,,,,,,,
butch,b,u,t,c,h,,0,,,,,,,,,,,,
catch,c,a,t,c,h,c,2,,,,,,,,,,,,
cinch,c,i,n,c,h,c,2,,,,,,,,,,,,
clash,c,l,a,s,h,,0,,,,,,,,,,,,
cloth,c,l,o,t,h,,0,,,,,,,,,,,,
coach,c,o,a,c,h,c,2,,,,,,,,,,,,
conch,c,o,n,c,h,c,2,,,,,,,,,,,,
couch,c,o,u,c,h,c,2,,,,,,,,,,,,
cough,c,o,u,g,h,,0,,,,,,,,,,,,
crash,c,r,a,s,h,,0,,,,,,,,,,,,
crush,c,r,u,s,h,,0,,,,,,,,,,,,
death,d,e,a,t,h,,0,,,,,,,,,,,,
depth,d,e,p,t,h,,0,,,,,,,,,,,,
ditch,d,i,t,c,h,,0,,,,,,,,,,,,
dough,d,o,u,g,h,,0,,,,,,,,,,,,
dutch,d,u,t,c,h,,0,,,,,,,,,,,,
earth,e,a,r,t,h,,0,,,,,,,,,,,,
epoch,e,p,o,c,h,,0,,,,,,,,,,,,
faith,f,a,i,t,h,,0,,,,,,,,,,,,
fetch,f,e,t,c,h,,0,,,,,,,,,,,,
fifth,f,i,f,t,h,f,2,,,,,,,,,,,,
filch,f,i,l,c,h,,0,,,,,,,,,,,,
filth,f,i,l,t,h,,0,,,,,,,,,,,,
finch,f,i,n,c,h,,0,,,,,,,,,,,,
flash,f,l,a,s,h,,0,,,,,,,,,,,,
flesh,f,l,e,s,h,,0,,,,,,,,,,,,
forth,f,o,r,t,h,,0,,,,,,,,,,,,
fresh,f,r,e,s,h,,0,,,,,,,,,,,,
graph,g,r,a,p,h,,0,,,,,,,,,,,,
harsh,h,a,r,s,h,h,2,,,,,,,,,,,,
laugh,l,a,u,g,h,,0,,,,,,,,,,,,
lunch,l,u,n,c,h,,0,,,,,,,,,,,,
march,m,a,r,c,h,,0,,,,,,,,,,,,
match,m,a,t,c,h,,0,,,,,,,,,,,,
month,m,o,n,t,h,,0,,,,,,,,,,,,
mouth,m,o,u,t,h,,0,,,,,,,,,,,,
ninth,n,i,n,t,h,n,2,,,,,,,,,,,,
north,n,o,r,t,h,,0,,,,,,,,,,,,
notch,n,o,t,c,h,,0,,,,,,,,,,,,
patch,p,a,t,c,h,,0,,,,,,,,,,,,
peach,p,e,a,c,h,,0,,,,,,,,,,,,
pinch,p,i,n,c,h,,0,,,,,,,,,,,,
pitch,p,i,t,c,h,,0,,,,,,,,,,,,
porch,p,o,r,c,h,,0,,,,,,,,,,,,
pouch,p,o,u,c,h,,0,,,,,,,,,,,,
punch,p,u,n,c,h,,0,,,,,,,,,,,,
ranch,r,a,n,c,h,,0,,,,,,,,,,,,
reach,r,e,a,c,h,,0,,,,,,,,,,,,
rough,r,o,u,g,h,,0,,,,,,,,,,,,
sixth,s,i,x,t,h,,0,,,,,,,,,,,,
south,s,o,u,t,h,,0,,,,,,,,,,,,
teach,t,e,a,c,h,,0,,,,,,,,,,,,
teeth,t,e,e,t,h,t,2,,,,,,,,,,,,
tenth,t,e,n,t,h,t,2,,,,,,,,,,,,
thigh,t,h,i,g,h,h,2,,,,,,,,,,,,
tooth,t,o,o,t,h,t,2,,,,,,,,,,,,
torch,t,o,r,c,h,,0,,,,,,,,,,,,
touch,t,o,u,c,h,,0,,,,,,,,,,,,
tough,t,o,u,g,h,,0,,,,,,,,,,,,
trash,t,r,a,s,h,,0,,,,,,,,,,,,
truth,t,r,u,t,h,t,2,,,,,,,,,,,,
watch,w,a,t,c,h,,0,,,,,,,,,,,,
weigh,w,e,i,g,h,,0,,,,,,,,,,,,
welsh,w,e,l,s,h,,0,,,,,,,,,,,,
which,w,h,i,c,h,h,2,,,,,,,,,,,,
width,w,i,d,t,h,,0,,,,,,,,,,,,
witch,w,i,t,c,h,,0,,,,,,,,,,,,
worth,w,o,r,t,h,,0,,,,,,,,,,,,
wrath,w,r,a,t,h,,0,,,,,,,,,,,,
youth,y,o,u,t,h,,0,,,,,,,,,,,,
aioli,a,i,o,l,i,i,2,,,,,,,,,,,,
alibi,a,l,i,b,i,i,2,,,,,,,,,,,,
bhaji,b,h,a,j,i,,0,,,,,,,,,,,,
bindi,b,i,n,d,i,i,2,,,,,,,,,,,,
blini,b,l,i,n,i,i,2,,,,,,,,,,,,
cacti,c,a,c,t,i,c,2,,,,,,,,,,,,
ceili,c,e,i,l,i,i,2,,,,,,,,,,,,
chili,c,h,i,l,i,i,2,,,,,,,,,,,,
coati,c,o,a,t,i,,0,,,,,,,,,,,,
cocci,c,o,c,c,i,c,3,,,,,,,,,,,,
corgi,c,o,r,g,i,,0,,,,,,,,,,,,
dashi,d,a,s,h,i,,0,,,,,,,,,,,,
ennui,e,n,n,u,i,n,2,,,,,,,,,,,,
enoki,e,n,o,k,i,,0,,,,,,,,,,,,
sushi,s,u,s,h,i,s,2,,,,,,,,,,,,
aback,a,b,a,c,k,a,2,,,,,,,,,,,,
batik,b,a,t,i,k,,0,,,,,,,,,,,,
black,b,l,a,c,k,,0,,,,,,,,,,,,
blank,b,l,a,n,k,,0,,,,,,,,,,,,
bleak,b,l,e,a,k,,0,,,,,,,,,,,,
blink,b,l,i,n,k,,0,,,,,,,,,,,,
block,b,l,o,c,k,,0,,,,,,,,,,,,
break,b,r,e,a,k,,0,,,,,,,,,,,,
brick,b,r,i,c,k,,0,,,,,,,,,,,,
brink,b,r,i,n,k,,0,,,,,,,,,,,,
brisk,b,r,i,s,k,,0,,,,,,,,,,,,
brook,b,r,o,o,k,o,2,,,,,,,,,,,,
caulk,c,a,u,l,k,,0,,,,,,,,,,,,
chalk,c,h,a,l,k,,0,,,,,,,,,,,,
check,c,h,e,c,k,c,2,,,,,,,,,,,,
cheek,c,h,e,e,k,e,2,,,,,,,,,,,,
chick,c,h,i,c,k,c,2,,,,,,,,,,,,
chock,c,h,o,c,k,c,2,,,,,,,,,,,,
chuck,c,h,u,c,k,c,2,,,,,,,,,,,,
chunk,c,h,u,n,k,,0,,,,,,,,,,,,
clack,c,l,a,c,k,c,2,,,,,,,,,,,,
clank,c,l,a,n,k,,0,,,,,,,,,,,,
clerk,c,l,e,r,k,,0,,,,,,,,,,,,
click,c,l,i,c,k,c,2,,,,,,,,,,,,
clink,c,l,i,n,k,,0,,,,,,,,,,,,
cloak,c,l,o,a,k,,0,,,,,,,,,,,,
clock,c,l,o,c,k,c,2,,,,,,,,,,,,
cluck,c,l,u,c,k,c,2,,,,,,,,,,,,
clunk,c,l,u,n,k,,0,,,,,,,,,,,,
crack,c,r,a,c,k,c,2,,,,,,,,,,,,
crank,c,r,a,n,k,,0,,,,,,,,,,,,
creak,c,r,e,a,k,,0,,,,,,,,,,,,
creek,c,r,e,e,k,e,2,,,,,,,,,,,,
crick,c,r,i,c,k,c,2,,,,,,,,,,,,
croak,c,r,o,a,k,,0,,,,,,,,,,,,
crock,c,r,o,c,k,c,2,,,,,,,,,,,,
crook,c,r,o,o,k,o,2,,,,,,,,,,,,
drank,d,r,a,n,k,,0,,,,,,,,,,,,
dreck,d,r,e,c,k,,0,,,,,,,,,,,,
drink,d,r,i,n,k,,0,,,,,,,,,,,,
drunk,d,r,u,n,k,,0,,,,,,,,,,,,
ebook,e,b,o,o,k,o,2,,,,,,,,,,,,
flack,f,l,a,c,k,,0,,,,,,,,,,,,
flank,f,l,a,n,k,,0,,,,,,,,,,,,
flask,f,l,a,s,k,,0,,,,,,,,,,,,
fleck,f,l,e,c,k,,0,,,,,,,,,,,,
flick,f,l,i,c,k,,0,,,,,,,,,,,,
greek,g,r,e,e,k,e,2,,,,,,,,,,,,
knock,k,n,o,c,k,k,2,,,,,,,,,,,,
quick,q,u,i,c,k,,0,,,,,,,,,,,,
shark,s,h,a,r,k,,0,,,,,,,,,,,,
shock,s,h,o,c,k,,0,,,,,,,,,,,,
shook,s,h,o,o,k,o,2,,,,,,,,,,,,
sleek,s,l,e,e,k,e,2,,,,,,,,,,,,
snack,s,n,a,c,k,,0,,,,,,,,,,,,
sneak,s,n,e,a,k,,0,,,,,,,,,,,,
spark,s,p,a,r,k,,0,,,,,,,,,,,,
speak,s,p,e,a,k,,0,,,,,,,,,,,,
stack,s,t,a,c,k,,0,,,,,,,,,,,,
stark,s,t,a,r,k,,0,,,,,,,,,,,,
steak,s,t,e,a,k,,0,,,,,,,,,,,,
stick,s,t,i,c,k,,0,,,,,,,,,,,,
stock,s,t,o,c,k,,0,,,,,,,,,,,,
stuck,s,t,u,c,k,,0,,,,,,,,,,,,
thank,t,h,a,n,k,,0,,,,,,,,,,,,
thick,t,h,i,c,k,,0,,,,,,,,,,,,
think,t,h,i,n,k,,0,,,,,,,,,,,,
track,t,r,a,c,k,,0,,,,,,,,,,,,
trick,t,r,i,c,k,,0,,,,,,,,,,,,
truck,t,r,u,c,k,,0,,,,,,,,,,,,
trunk,t,r,u,n,k,,0,,,,,,,,,,,,
algal,a,l,g,a,l,a,2,,,,,,,,,,,,
alkyl,a,l,k,y,l,l,2,,,,,,,,,,,,
allyl,a,l,l,y,l,l,3,,,,,,,,,,,,
angel,a,n,g,e,l,,0,,,,,,,,,,,,
annul,a,n,n,u,l,n,2,,,,,,,,,,,,
anvil,a,n,v,i,l,,0,,,,,,,,,,,,
areal,a,r,e,a,l,a,2,,,,,,,,,,,,
atoll,a,t,o,l,l,l,2,,,,,,,,,,,,
aural,a,u,r,a,l,a,2,,,,,,,,,,,,
avail,a,v,a,i,l,a,2,,,,,,,,,,,,
awful,a,w,f,u,l,,0,,,,,,,,,,,,
axial,a,x,i,a,l,a,2,,,,,,,,,,,,
babel,b,a,b,e,l,b,2,,,,,,,,,,,,
bagel,b,a,g,e,l,,0,,,,,,,,,,,,
banal,b,a,n,a,l,a,2,,,,,,,,,,,,
basal,b,a,s,a,l,a,2,,,,,,,,,,,,
basil,b,a,s,i,l,,0,,,,,,,,,,,,
beryl,b,e,r,y,l,,0,,,,,,,,,,,,
betel,b,e,t,e,l,e,2,,,,,,,,,,,,
bevel,b,e,v,e,l,e,2,,,,,,,,,,,,
bezel,b,e,z,e,l,e,2,,,,,,,,,,,,
bowel,b,o,w,e,l,,0,,,,,,,,,,,,
brawl,b,r,a,w,l,,0,,,,,,,,,,,,
broil,b,r,o,i,l,,0,,,,,,,,,,,,
cabal,c,a,b,a,l,a,2,,,,,,,,,,,,
camel,c,a,m,e,l,,0,,,,,,,,,,,,
canal,c,a,n,a,l,a,2,,,,,,,,,,,,
carol,c,a,r,o,l,,0,,,,,,,,,,,,
cavil,c,a,v,i,l,,0,,,,,,,,,,,,
cecal,c,e,c,a,l,c,2,,,,,,,,,,,,
chill,c,h,i,l,l,l,2,,,,,,,,,,,,
civil,c,i,v,i,l,i,2,,,,,,,,,,,,
coral,c,o,r,a,l,,0,,,,,,,,,,,,
crawl,c,r,a,w,l,,0,,,,,,,,,,,,
creel,c,r,e,e,l,e,2,,,,,,,,,,,,
cruel,c,r,u,e,l,,0,,,,,,,,,,,,
decal,d,e,c,a,l,,0,,,,,,,,,,,,
devil,d,e,v,i,l,,0,,,,,,,,,,,,
dowel,d,o,w,e,l,,0,,,,,,,,,,,,
drawl,d,r,a,w,l,,0,,,,,,,,,,,,
drill,d,r,i,l,l,l,2,,,,,,,,,,,,
droll,d,r,o,l,l,l,2,,,,,,,,,,,,
drool,d,r,o,o,l,o,2,,,,,,,,,,,,
ducal,d,u,c,a,l,,0,,,,,,,,,,,,
dural,d,u,r,a,l,,0,,,,,,,,,,,,
dwell,d,w,e,l,l,l,2,,,,,,,,,,,,
easel,e,a,s,e,l,e,2,,,,,,,,,,,,
email,e,m,a,i,l,,0,,,,,,,,,,,,
enrol,e,n,r,o,l,,0,,,,,,,,,,,,
equal,e,q,u,a,l,,0,,,,,,,,,,,,
ethyl,e,t,h,y,l,,0,,,,,,,,,,,,
excel,e,x,c,e,l,e,2,,,,,,,,,,,,
expel,e,x,p,e,l,e,2,,,,,,,,,,,,
extol,e,x,t,o,l,,0,,,,,,,,,,,,
fatal,f,a,t,a,l,a,2,,,,,,,,,,,,
fecal,f,e,c,a,l,,0,,,,,,,,,,,,
feral,f,e,r,a,l,,0,,,,,,,,,,,,
fetal,f,e,t,a,l,,0,,,,,,,,,,,,
final,f,i,n,a,l,,0,,,,,,,,,,,,
flail,f,l,a,i,l,l,2,,,,,,,,,,,,
focal,f,o,c,a,l,,0,,,,,,,,,,,,
grill,g,r,i,l,l,l,2,,,,,,,,,,,,
hotel,h,o,t,e,l,,0,,,,,,,,,,,,
ideal,i,d,e,a,l,,0,,,,,,,,,,,,
jewel,j,e,w,e,l,e,2,,,,,,,,,,,,
label,l,a,b,e,l,l,2,,,,,,,,,,,,
legal,l,e,g,a,l,l,2,,,,,,,,,,,,
level,l,e,v,e,l,l,2,,,,,,,,,,,,
local,l,o,c,a,l,l,2,,,,,,,,,,,,
loyal,l,o,y,a,l,l,2,,,,,,,,,,,,
medal,m,e,d,a,l,,0,,,,,,,,,,,,
metal,m,e,t,a,l,,0,,,,,,,,,,,,
model,m,o,d,e,l,,0,,,,,,,,,,,,
moral,m,o,r,a,l,,0,,,,,,,,,,,,
nasal,n,a,s,a,l,a,2,,,,,,,,,,,,
naval,n,a,v,a,l,a,2,,,,,,,,,,,,
novel,n,o,v,e,l,,0,,,,,,,,,,,,
panel,p,a,n,e,l,,0,,,,,,,,,,,,
pearl,p,e,a,r,l,,0,,,,,,,,,,,,
pedal,p,e,d,a,l,,0,,,,,,,,,,,,
pixel,p,i,x,e,l,,0,,,,,,,,,,,,
pupil,p,u,p,i,l,p,2,,,,,,,,,,,,
rebel,r,e,b,e,l,e,2,,,,,,,,,,,,
renal,r,e,n,a,l,,0,,,,,,,,,,,,
rival,r,i,v,a,l,,0,,,,,,,,,,,,
royal,r,o,y,a,l,,0,,,,,,,,,,,,
rural,r,u,r,a,l,r,2,,,,,,,,,,,,
shall,s,h,a,l,l,l,2,,,,,,,,,,,,
shell,s,h,e,l,l,l,2,,,,,,,,,,,,
skill,s,k,i,l,l,l,2,,,,,,,,,,,,
skull,s,k,u,l,l,l,2,,,,,,,,,,,,
small,s,m,a,l,l,l,2,,,,,,,,,,,,
smell,s,m,e,l,l,l,2,,,,,,,,,,,,
spell,s,p,e,l,l,l,2,,,,,,,,,,,,
steal,s,t,e,a,l,,0,,,,,,,,,,,,
steel,s,t,e,e,l,e,2,,,,,,,,,,,,
still,s,t,i,l,l,l,2,,,,,,,,,,,,
stool,s,t,o,o,l,o,2,,,,,,,,,,,,
total,t,o,t,a,l,t,2,,,,,,,,,,,,
towel,t,o,w,e,l,,0,,,,,,,,,,,,
trail,t,r,a,i,l,,0,,,,,,,,,,,,
trial,t,r,i,a,l,,0,,,,,,,,,,,,
until,u,n,t,i,l,,0,,,,,,,,,,,,
usual,u,s,u,a,l,u,2,,,,,,,,,,,,
vinyl,v,i,n,y,l,,0,,,,,,,,,,,,
viral,v,i,r,a,l,,0,,,,,,,,,,,,
vital,v,i,t,a,l,,0,,,,,,,,,,,,
vocal,v,o,c,a,l,,0,,,,,,,,,,,,
wheel,w,h,e,e,l,e,2,,,,,,,,,,,,
alarm,a,l,a,r,m,a,2,,,,,,,,,,,,
album,a,l,b,u,m,,0,,,,,,,,,,,,
axiom,a,x,i,o,m,,0,,,,,,,,,,,,
bloom,b,l,o,o,m,o,2,,,,,,,,,,,,
bosom,b,o,s,o,m,o,2,,,,,,,,,,,,
bream,b,r,e,a,m,,0,,,,,,,,,,,,
broom,b,r,o,o,m,o,2,,,,,,,,,,,,
buxom,b,u,x,o,m,,0,,,,,,,,,,,,
carom,c,a,r,o,m,,0,,,,,,,,,,,,
cecum,c,e,c,u,m,c,2,,,,,,,,,,,,
charm,c,h,a,r,m,,0,,,,,,,,,,,,
chasm,c,h,a,s,m,,0,,,,,,,,,,,,
claim,c,l,a,i,m,,0,,,,,,,,,,,,
cream,c,r,e,a,m,,0,,,,,,,,,,,,
datum,d,a,t,u,m,,0,,,,,,,,,,,,
deism,d,e,i,s,m,,0,,,,,,,,,,,,
denim,d,e,n,i,m,,0,,,,,,,,,,,,
dream,d,r,e,a,m,,0,,,,,,,,,,,,
durum,d,u,r,u,m,u,2,,,,,,,,,,,,
forum,f,o,r,u,m,,0,,,,,,,,,,,,
modem,m,o,d,e,m,m,2,,,,,,,,,,,,
psalm,p,s,a,l,m,,0,,,,,,,,,,,,
realm,r,e,a,l,m,,0,,,,,,,,,,,,
serum,s,e,r,u,m,,0,,,,,,,,,,,,
sperm,s,p,e,r,m,,0,,,,,,,,,,,,
steam,s,t,e,a,m,,0,,,,,,,,,,,,
storm,s,t,o,r,m,,0,,,,,,,,,,,,
acorn,a,c,o,r,n,,0,,,,,,,,,,,,
actin,a,c,t,i,n,,0,,,,,,,,,,,,
adman,a,d,m,a,n,a,2,,,,,,,,,,,,
admin,a,d,m,i,n,,0,,,,,,,,,,,,
adorn,a,d,o,r,n,,0,,,,,,,,,,,,
again,a,g,a,i,n,a,2,,,,,,,,,,,,
alien,a,l,i,e,n,,0,,,,,,,,,,,,
align,a,l,i,g,n,,0,,,,,,,,,,,,
anion,a,n,i,o,n,n,2,,,,,,,,,,,,
apron,a,p,r,o,n,,0,,,,,,,,,,,,
argon,a,r,g,o,n,,0,,,,,,,,,,,,
arson,a,r,s,o,n,,0,,,,,,,,,,,,
ashen,a,s,h,e,n,,0,,,,,,,,,,,,
aspen,a,s,p,e,n,,0,,,,,,,,,,,,
atman,a,t,m,a,n,a,2,,,,,,,,,,,,
auxin,a,u,x,i,n,,0,,,,,,,,,,,,
avian,a,v,i,a,n,a,2,,,,,,,,,,,,
axion,a,x,i,o,n,,0,,,,,,,,,,,,
bacon,b,a,c,o,n,,0,,,,,,,,,,,,
bairn,b,a,i,r,n,,0,,,,,,,,,,,,
baron,b,a,r,o,n,,0,,,,,,,,,,,,
basin,b,a,s,i,n,,0,,,,,,,,,,,,
baton,b,a,t,o,n,,0,,,,,,,,,,,,
began,b,e,g,a,n,,0,,,,,,,,,,,,
begin,b,e,g,i,n,,0,,,,,,,,,,,,
begun,b,e,g,u,n,,0,,,,,,,,,,,,
bison,b,i,s,o,n,,0,,,,,,,,,,,,
blown,b,l,o,w,n,,0,,,,,,,,,,,,
boron,b,o,r,o,n,o,2,,,,,,,,,,,,
boson,b,o,s,o,n,o,2,,,,,,,,,,,,
bosun,b,o,s,u,n,,0,,,,,,,,,,,,
brain,b,r,a,i,n,,0,,,,,,,,,,,,
brawn,b,r,a,w,n,,0,,,,,,,,,,,,
brown,b,r,o,w,n,,0,,,,,,,,,,,,
bruin,b,r,u,i,n,,0,,,,,,,,,,,,
cabin,c,a,b,i,n,,0,,,,,,,,,,,,
cairn,c,a,i,r,n,,0,,,,,,,,,,,,
canon,c,a,n,o,n,n,2,,,,,,,,,,,,
capon,c,a,p,o,n,,0,,,,,,,,,,,,
chain,c,h,a,i,n,,0,,,,,,,,,,,,
churn,c,h,u,r,n,,0,,,,,,,,,,,,
clean,c,l,e,a,n,,0,,,,,,,,,,,,
clown,c,l,o,w,n,,0,,,,,,,,,,,,
codon,c,o,d,o,n,o,2,,,,,,,,,,,,
colin,c,o,l,i,n,,0,,,,,,,,,,,,
colon,c,o,l,o,n,o,2,,,,,,,,,,,,
coven,c,o,v,e,n,,0,,,,,,,,,,,,
croon,c,r,o,o,n,o,2,,,,,,,,,,,,
crown,c,r,o,w,n,,0,,,,,,,,,,,,
cumin,c,u,m,i,n,,0,,,,,,,,,,,,
deign,d,e,i,g,n,,0,,,,,,,,,,,,
demon,d,e,m,o,n,,0,,,,,,,,,,,,
divan,d,i,v,a,n,,0,,,,,,,,,,,,
doyen,d,o,y,e,n,,0,,,,,,,,,,,,
dozen,d,o,z,e,n,,0,,,,,,,,,,,,
drain,d,r,a,i,n,,0,,,,,,,,,,,,
drawn,d,r,a,w,n,,0,,,,,,,,,,,,
drown,d,r,o,w,n,,0,,,,,,,,,,,,
eaten,e,a,t,e,n,e,2,,,,,,,,,,,,
elven,e,l,v,e,n,e,2,,,,,,,,,,,,
eosin,e,o,s,i,n,,0,,,,,,,,,,,,
feign,f,e,i,g,n,,0,,,,,,,,,,,,
felon,f,e,l,o,n,,0,,,,,,,,,,,,
flown,f,l,o,w,n,,0,,,,,,,,,,,,
given,g,i,v,e,n,,0,,,,,,,,,,,,
grain,g,r,a,i,n,,0,,,,,,,,,,,,
green,g,r,e,e,n,e,2,,,,,,,,,,,,
grown,g,r,o,w,n,,0,,,,,,,,,,,,
haven,h,a,v,e,n,,0,,,,,,,,,,,,
human,h,u,m,a,n,,0,,,,,,,,,,,,
known,k,n,o,w,n,n,2,,,,,,,,,,,,
learn,l,e,a,r,n,,0,,,,,,,,,,,,
lemon,l,e,m,o,n,,0,,,,,,,,,,,,
linen,l,i,n,e,n,n,2,,,,,,,,,,,,
nylon,n,y,l,o,n,n,2,,,,,,,,,,,,
ocean,o,c,e,a,n,,0,,,,,,,,,,,,
often,o,f,t,e,n,,0,,,,,,,,,,,,
onion,o,n,i,o,n,o,2,,,,,,,,,,,,
organ,o,r,g,a,n,,0,,,,,,,,,,,,
plain,p,l,a,i,n,,0,,,,,,,,,,,,
queen,q,u,e,e,n,e,2,,,,,,,,,,,,
reign,r,e,i,g,n,,0,,,,,,,,,,,,
resin,r,e,s,i,n,,0,,,,,,,,,,,,
risen,r,i,s,e,n,,0,,,,,,,,,,,,
roman,r,o,m,a,n,,0,,,,,,,,,,,,
salon,s,a,l,o,n,,0,,,,,,,,,,,,
satin,s,a,t,i,n,,0,,,,,,,,,,,,
seven,s,e,v,e,n,e,2,,,,,,,,,,,,
shown,s,h,o,w,n,,0,,,,,,,,,,,,
spoon,s,p,o,o,n,o,2,,,,,,,,,,,,
stain,s,t,a,i,n,,0,,,,,,,,,,,,
taken,t,a,k,e,n,,0,,,,,,,,,,,,
token,t,o,k,e,n,,0,,,,,,,,,,,,
train,t,r,a,i,n,,0,,,,,,,,,,,,
union,u,n,i,o,n,n,2,,,,,,,,,,,,
urban,u,r,b,a,n,,0,,,,,,,,,,,,
vegan,v,e,g,a,n,,0,,,,,,,,,,,,
wagon,w,a,g,o,n,,0,,,,,,,,,,,,
woman,w,o,m,a,n,,0,,,,,,,,,,,,
women,w,o,m,e,n,,0,,,,,,,,,,,,
adobo,a,d,o,b,o,o,2,,,,,,,,,,,,
aggro,a,g,g,r,o,g,2,,,,,,,,,,,,
amino,a,m,i,n,o,,0,,,,,,,,,,,,
amnio,a,m,n,i,o,,0,,,,,,,,,,,,
ancho,a,n,c,h,o,,0,,,,,,,,,,,,
audio,a,u,d,i,o,,0,,,,,,,,,,,,
banjo,b,a,n,j,o,,0,,,,,,,,,,,,
basso,b,a,s,s,o,s,2,,,,,,,,,,,,
bento,b,e,n,t,o,,0,,,,,,,,,,,,
bimbo,b,i,m,b,o,b,2,,,,,,,,,,,,
bingo,b,i,n,g,o,,0,,,,,,,,,,,,
boffo,b,o,f,f,o,o,2,,,,,,,,,,,,
bongo,b,o,n,g,o,o,2,,,,,,,,,,,,
bravo,b,r,a,v,o,,0,,,,,,,,,,,,
burro,b,u,r,r,o,r,2,,,,,,,,,,,,
cacao,c,a,c,a,o,c,2,,,,,,,,,,,,
cameo,c,a,m,e,o,,0,,,,,,,,,,,,
campo,c,a,m,p,o,,0,,,,,,,,,,,,
canto,c,a,n,t,o,,0,,,,,,,,,,,,
carbo,c,a,r,b,o,,0,,,,,,,,,,,,
cargo,c,a,r,g,o,,0,,,,,,,,,,,,
cello,c,e,l,l,o,l,2,,,,,,,,,,,,
chemo,c,h,e,m,o,,0,,,,,,,,,,,,
chico,c,h,i,c,o,c,2,,,,,,,,,,,,
chino,c,h,i,n,o,,0,,,,,,,,,,,,
cisco,c,i,s,c,o,c,2,,,,,,,,,,,,
combo,c,o,m,b,o,o,2,,,,,,,,,,,,
commo,c,o,m,m,o,o,2,,,,,,,,,,,,
compo,c,o,m,p,o,o,2,,,,,,,,,,,,
condo,c,o,n,d,o,o,2,,,,,,,,,,,,
congo,c,o,n,g,o,o,2,,,,,,,,,,,,
credo,c,r,e,d,o,,0,,,,,,,,,,,,
curio,c,u,r,i,o,,0,,,,,,,,,,,,
cyclo,c,y,c,l,o,c,2,,,,,,,,,,,,
dingo,d,i,n,g,o,,0,,,,,,,,,,,,
disco,d,i,s,c,o,,0,,,,,,,,,,,,
ditto,d,i,t,t,o,t,2,,,,,,,,,,,,
dumbo,d,u,m,b,o,,0,,,,,,,,,,,,
duomo,d,u,o,m,o,o,2,,,,,,,,,,,,
ejido,e,j,i,d,o,,0,,,,,,,,,,,,
fatso,f,a,t,s,o,,0,,,,,,,,,,,,
hello,h,e,l,l,o,l,2,,,,,,,,,,,,
intro,i,n,t,r,o,,0,,,,,,,,,,,,
macro,m,a,c,r,o,,0,,,,,,,,,,,,
metro,m,e,t,r,o,,0,,,,,,,,,,,,
micro,m,i,c,r,o,,0,,,,,,,,,,,,
patio,p,a,t,i,o,,0,,,,,,,,,,,,
photo,p,h,o,t,o,o,2,,,,,,,,,,,,
piano,p,i,a,n,o,,0,,,,,,,,,,,,
promo,p,r,o,m,o,o,2,,,,,,,,,,,,
radio,r,a,d,i,o,,0,,,,,,,,,,,,
ratio,r,a,t,i,o,,0,,,,,,,,,,,,
retro,r,e,t,r,o,r,2,,,,,,,,,,,,
tempo,t,e,m,p,o,,0,,,,,,,,,,,,
turbo,t,u,r,b,o,,0,,,,,,,,,,,,
video,v,i,d,e,o,,0,,,,,,,,,,,,
bebop,b,e,b,o,p,b,2,,,,,,,,,,,,
bicep,b,i,c,e,p,,0,,,,,,,,,,,,
bleep,b,l,e,e,p,e,2,,,,,,,,,,,,
blimp,b,l,i,m,p,,0,,,,,,,,,,,,
bloop,b,l,o,o,p,o,2,,,,,,,,,,,,
champ,c,h,a,m,p,,0,,,,,,,,,,,,
cheap,c,h,e,a,p,,0,,,,,,,,,,,,
cheep,c,h,e,e,p,e,2,,,,,,,,,,,,
chimp,c,h,i,m,p,,0,,,,,,,,,,,,
chirp,c,h,i,r,p,,0,,,,,,,,,,,,
chomp,c,h,o,m,p,,0,,,,,,,,,,,,
chump,c,h,u,m,p,,0,,,,,,,,,,,,
clamp,c,l,a,m,p,,0,,,,,,,,,,,,
clasp,c,l,a,s,p,,0,,,,,,,,,,,,
clomp,c,l,o,m,p,,0,,,,,,,,,,,,
clump,c,l,u,m,p,,0,,,,,,,,,,,,
cramp,c,r,a,m,p,,0,,,,,,,,,,,,
creep,c,r,e,e,p,e,2,,,,,,,,,,,,
crimp,c,r,i,m,p,,0,,,,,,,,,,,,
crisp,c,r,i,s,p,,0,,,,,,,,,,,,
croup,c,r,o,u,p,,0,,,,,,,,,,,,
cutup,c,u,t,u,p,u,2,,,,,,,,,,,,
droop,d,r,o,o,p,o,2,,,,,,,,,,,,
equip,e,q,u,i,p,,0,,,,,,,,,,,,
grasp,g,r,a,s,p,,0,,,,,,,,,,,,
group,g,r,o,u,p,,0,,,,,,,,,,,,
scalp,s,c,a,l,p,,0,,,,,,,,,,,,
scoop,s,c,o,o,p,o,2,,,,,,,,,,,,
scrap,s,c,r,a,p,,0,,,,,,,,,,,,
setup,s,e,t,u,p,,0,,,,,,,,,,,,
sharp,s,h,a,r,p,,0,,,,,,,,,,,,
sheep,s,h,e,e,p,e,2,,,,,,,,,,,,
sleep,s,l,e,e,p,e,2,,,,,,,,,,,,
stamp,s,t,a,m,p,,0,,,,,,,,,,,,
steep,s,t,e,e,p,e,2,,,,,,,,,,,,
strap,s,t,r,a,p,,0,,,,,,,,,,,,
strip,s,t,r,i,p,,0,,,,,,,,,,,,
syrup,s,y,r,u,p,,0,,,,,,,,,,,,
trump,t,r,u,m,p,,0,,,,,,,,,,,,
abhor,a,b,h,o,r,,0,,,,,,,,,,,,
actor,a,c,t,o,r,,0,,,,,,,,,,,,
adder,a,d,d,e,r,d,2,,,,,,,,,,,,
after,a,f,t,e,r,,0,,,,,,,,,,,,
aider,a,i,d,e,r,,0,,,,,,,,,,,,
aimer,a,i,m,e,r,,0,,,,,,,,,,,,
alder,a,l,d,e,r,,0,,,,,,,,,,,,
altar,a,l,t,a,r,a,2,,,,,,,,,,,,
alter,a,l,t,e,r,,0,,,,,,,,,,,,
amber,a,m,b,e,r,,0,,,,,,,,,,,,
amour,a,m,o,u,r,,0,,,,,,,,,,,,
anger,a,n,g,e,r,,0,,,,,,,,,,,,
apter,a,p,t,e,r,,0,,,,,,,,,,,,
arbor,a,r,b,o,r,r,2,,,,,,,,,,,,
ardor,a,r,d,o,r,r,2,,,,,,,,,,,,
armor,a,r,m,o,r,r,2,,,,,,,,,,,,
asker,a,s,k,e,r,,0,,,,,,,,,,,,
aster,a,s,t,e,r,,0,,,,,,,,,,,,
astir,a,s,t,i,r,,0,,,,,,,,,,,,
auger,a,u,g,e,r,,0,,,,,,,,,,,,
augur,a,u,g,u,r,u,2,,,,,,,,,,,,
baker,b,a,k,e,r,,0,,,,,,,,,,,,
baler,b,a,l,e,r,,0,,,,,,,,,,,,
barer,b,a,r,e,r,r,2,,,,,,,,,,,,
baser,b,a,s,e,r,,0,,,,,,,,,,,,
biker,b,i,k,e,r,,0,,,,,,,,,,,,
biter,b,i,t,e,r,,0,,,,,,,,,,,,
boner,b,o,n,e,r,,0,,,,,,,,,,,,
borer,b,o,r,e,r,r,2,,,,,,,,,,,,
bower,b,o,w,e,r,,0,,,,,,,,,,,,
boxer,b,o,x,e,r,,0,,,,,,,,,,,,
boyar,b,o,y,a,r,,0,,,,,,,,,,,,
briar,b,r,i,a,r,r,2,,,,,,,,,,,,
brier,b,r,i,e,r,r,2,,,,,,,,,,,,
buyer,b,u,y,e,r,,0,,,,,,,,,,,,
caber,c,a,b,e,r,,0,,,,,,,,,,,,
caper,c,a,p,e,r,,0,,,,,,,,,,,,
carer,c,a,r,e,r,r,2,,,,,,,,,,,,
cater,c,a,t,e,r,,0,,,,,,,,,,,,
caver,c,a,v,e,r,,0,,,,,,,,,,,,
cedar,c,e,d,a,r,,0,,,,,,,,,,,,
chair,c,h,a,i,r,,0,,,,,,,,,,,,
cheer,c,h,e,e,r,e,2,,,,,,,,,,,,
choir,c,h,o,i,r,,0,,,,,,,,,,,,
cider,c,i,d,e,r,,0,,,,,,,,,,,,
cigar,c,i,g,a,r,,0,,,,,,,,,,,,
clear,c,l,e,a,r,,0,,,,,,,,,,,,
coder,c,o,d,e,r,,0,,,,,,,,,,,,
color,c,o,l,o,r,o,2,,,,,,,,,,,,
comer,c,o,m,e,r,,0,,,,,,,,,,,,
corer,c,o,r,e,r,r,2,,,,,,,,,,,,
cover,c,o,v,e,r,,0,,,,,,,,,,,,
cower,c,o,w,e,r,,0,,,,,,,,,,,,
crier,c,r,i,e,r,r,2,,,,,,,,,,,,
cuter,c,u,t,e,r,,0,,,,,,,,,,,,
dater,d,a,t,e,r,,0,,,,,,,,,,,,
decor,d,e,c,o,r,,0,,,,,,,,,,,,
defer,d,e,f,e,r,e,2,,,,,,,,,,,,
demur,d,e,m,u,r,,0,,,,,,,,,,,,
deter,d,e,t,e,r,e,2,,,,,,,,,,,,
dewar,d,e,w,a,r,,0,,,,,,,,,,,,
dhikr,d,h,i,k,r,,0,,,,,,,,,,,,
dimer,d,i,m,e,r,,0,,,,,,,,,,,,
dinar,d,i,n,a,r,,0,,,,,,,,,,,,
diner,d,i,n,e,r,,0,,,,,,,,,,,,
direr,d,i,r,e,r,r,2,,,,,,,,,,,,
diver,d,i,v,e,r,,0,,,,,,,,,,,,
dolor,d,o,l,o,r,o,2,,,,,,,,,,,,
donor,d,o,n,o,r,o,2,,,,,,,,,,,,
dower,d,o,w,e,r,,0,,,,,,,,,,,,
dozer,d,o,z,e,r,,0,,,,,,,,,,,,
drier,d,r,i,e,r,r,2,,,,,,,,,,,,
dryer,d,r,y,e,r,r,2,,,,,,,,,,,,
eager,e,a,g,e,r,e,2,,,,,,,,,,,,
easer,e,a,s,e,r,e,2,,,,,,,,,,,,
eater,e,a,t,e,r,e,2,,,,,,,,,,,,
edger,e,d,g,e,r,e,2,,,,,,,,,,,,
eider,e,i,d,e,r,e,2,,,,,,,,,,,,
elder,e,l,d,e,r,e,2,,,,,,,,,,,,
ember,e,m,b,e,r,e,2,,,,,,,,,,,,
enter,e,n,t,e,r,e,2,,,,,,,,,,,,
error,e,r,r,o,r,r,3,,,,,,,,,,,,
ether,e,t,h,e,r,e,2,,,,,,,,,,,,
facer,f,a,c,e,r,,0,,,,,,,,,,,,
fader,f,a,d,e,r,,0,,,,,,,,,,,,
faker,f,a,k,e,r,,0,,,,,,,,,,,,
fakir,f,a,k,i,r,,0,,,,,,,,,,,,
favor,f,a,v,o,r,,0,,,,,,,,,,,,
femur,f,e,m,u,r,,0,,,,,,,,,,,,
fever,f,e,v,e,r,e,2,,,,,,,,,,,,
fewer,f,e,w,e,r,e,2,,,,,,,,,,,,
fiber,f,i,b,e,r,,0,,,,,,,,,,,,
filer,f,i,l,e,r,,0,,,,,,,,,,,,
finer,f,i,n,e,r,,0,,,,,,,,,,,,
fiver,f,i,v,e,r,,0,,,,,,,,,,,,
fixer,f,i,x,e,r,,0,,,,,,,,,,,,
flair,f,l,a,i,r,,0,,,,,,,,,,,,
flier,f,l,i,e,r,,0,,,,,,,,,,,,
floor,f,l,o,o,r,o,2,,,,,,,,,,,,
flour,f,l,o,u,r,,0,,,,,,,,,,,,
flyer,f,l,y,e,r,,0,,,,,,,,,,,,
honor,h,o,n,o,r,o,2,,,,,,,,,,,,
hover,h,o,v,e,r,,0,,,,,,,,,,,,
humor,h,u,m,o,r,,0,,,,,,,,,,,,
incur,i,n,c,u,r,,0,,,,,,,,,,,,
inner,i,n,n,e,r,n,2,,,,,,,,,,,,
labor,l,a,b,o,r,,0,,,,,,,,,,,,
laser,l,a,s,e,r,,0,,,,,,,,,,,,
later,l,a,t,e,r,,0,,,,,,,,,,,,
layer,l,a,y,e,r,,0,,,,,,,,,,,,
lever,l,e,v,e,r,e,2,,,,,,,,,,,,
liner,l,i,n,e,r,,0,,,,,,,,,,,,
liver,l,i,v,e,r,,0,,,,,,,,,,,,
lover,l,o,v,e,r,,0,,,,,,,,,,,,
lower,l,o,w,e,r,,0,,,,,,,,,,,,
lunar,l,u,n,a,r,,0,,,,,,,,,,,,
major,m,a,j,o,r,,0,,,,,,,,,,,,
maker,m,a,k,e,r,,0,,,,,,,,,,,,
mayor,m,a,y,o,r,,0,,,,,,,,,,,,
meter,m,e,t,e,r,e,2,,,,,,,,,,,,
minor,m,i,n,o,r,,0,,,,,,,,,,,,
mixer,m,i,x,e,r,,0,,,,,,,,,,,,
motor,m,o,t,o,r,o,2,,,,,,,,,,,,
never,n,e,v,e,r,e,2,,,,,,,,,,,,
newer,n,e,w,e,r,e,2,,,,,,,,,,,,
nicer,n,i,c,e,r,,0,,,,,,,,,,,,
occur,o,c,c,u,r,c,2,,,,,,,,,,,,
offer,o,f,f,e,r,f,2,,,,,,,,,,,,
older,o,l,d,e,r,,0,,,,,,,,,,,,
order,o,r,d,e,r,r,2,,,,,,,,,,,,
other,o,t,h,e,r,,0,,,,,,,,,,,,
outer,o,u,t,e,r,,0,,,,,,,,,,,,
owner,o,w,n,e,r,,0,,,,,,,,,,,,
paper,p,a,p,e,r,p,2,,,,,,,,,,,,
poker,p,o,k,e,r,,0,,,,,,,,,,,,
polar,p,o,l,a,r,,0,,,,,,,,,,,,
power,p,o,w,e,r,,0,,,,,,,,,,,,
prior,p,r,i,o,r,r,2,,,,,,,,,,,,
radar,r,a,d,a,r,r,2,,,,,,,,,,,,
razor,r,a,z,o,r,r,2,,,,,,,,,,,,
refer,r,e,f,e,r,r,2,,,,,,,,,,,,
rider,r,i,d,e,r,r,2,,,,,,,,,,,,
river,r,i,v,e,r,r,2,,,,,,,,,,,,
ruler,r,u,l,e,r,r,2,,,,,,,,,,,,
safer,s,a,f,e,r,,0,,,,,,,,,,,,
sewer,s,e,w,e,r,e,2,,,,,,,,,,,,
sheer,s,h,e,e,r,e,2,,,,,,,,,,,,
solar,s,o,l,a,r,,0,,,,,,,,,,,,
steer,s,t,e,e,r,e,2,,,,,,,,,,,,
sugar,s,u,g,a,r,,0,,,,,,,,,,,,
super,s,u,p,e,r,,0,,,,,,,,,,,,
swear,s,w,e,a,r,,0,,,,,,,,,,,,
their,t,h,e,i,r,,0,,,,,,,,,,,,
tiger,t,i,g,e,r,,0,,,,,,,,,,,,
timer,t,i,m,e,r,,0,,,,,,,,,,,,
tower,t,o,w,e,r,,0,,,,,,,,,,,,
tumor,t,u,m,o,r,,0,,,,,,,,,,,,
tutor,t,u,t,o,r,t,2,,,,,,,,,,,,
under,u,n,d,e,r,,0,,,,,,,,,,,,
upper,u,p,p,e,r,p,2,,,,,,,,,,,,
vapor,v,a,p,o,r,,0,,,,,,,,,,,,
voter,v,o,t,e,r,,0,,,,,,,,,,,,
water,w,a,t,e,r,,0,,,,,,,,,,,,
wider,w,i,d,e,r,,0,,,,,,,,,,,,
abets,a,b,e,t,s,,0,,,,,,,,,,,,
abuts,a,b,u,t,s,,0,,,,,,,,,,,,
abyss,a,b,y,s,s,s,2,,,,,,,,,,,,
aches,a,c,h,e,s,,0,,,0.00%,,,,,,,,,
acids,a,c,i,d,s,,0,,,,,,,,,,,,
acres,a,c,r,e,s,,0,,,,,,,,,,,,
adios,a,d,i,o,s,,0,,,,,,,,,,,,
adits,a,d,i,t,s,,0,,,,,,,,,,,,
adzes,a,d,z,e,s,,0,,,,,,,,,,,,
aegis,a,e,g,i,s,,0,,,,,,,,,,,,
aeons,a,e,o,n,s,,0,,,,,,,,,,,,
aides,a,i,d,e,s,,0,,,,,,,,,,,,
alias,a,l,i,a,s,a,2,,,,,,,,,,,,
aloes,a,l,o,e,s,,0,,,,,,,,,,,,
altos,a,l,t,o,s,,0,,,,,,,,,,,,
alums,a,l,u,m,s,,0,,,,,,,,,,,,
amass,a,m,a,s,s,a,2,,,,,,,,,,,,
ambos,a,m,b,o,s,,0,,,,,,,,,,,,
amiss,a,m,i,s,s,s,2,,,,,,,,,,,,
annas,a,n,n,a,s,a,2,,,,,,,,,,,,
antis,a,n,t,i,s,,0,,,,,,,,,,,,
apses,a,p,s,e,s,s,2,,,,,,,,,,,,
aquas,a,q,u,a,s,a,2,,,,,,,,,,,,
areas,a,r,e,a,s,a,2,,,,,,,,,,,,
argus,a,r,g,u,s,,0,,,,,,,,,,,,
arias,a,r,i,a,s,a,2,,,,,,,,,,,,
arils,a,r,i,l,s,,0,,,,,,,,,,,,
arses,a,r,s,e,s,s,2,,,,,,,,,,,,
ashes,a,s,h,e,s,s,2,,,,,,,,,,,,
asses,a,s,s,e,s,s,3,,,,,,,,,,,,
atlas,a,t,l,a,s,a,2,,,,,,,,,,,,
atoms,a,t,o,m,s,,0,,,,,,,,,,,,
aunts,a,u,n,t,s,,0,,,,,,,,,,,,
auras,a,u,r,a,s,a,2,,,,,,,,,,,,
autos,a,u,t,o,s,,0,,,,,,,,,,,,
avers,a,v,e,r,s,,0,,,,,,,,,,,,
avows,a,v,o,w,s,,0,,,,,,,,,,,,
axels,a,x,e,l,s,,0,,,,,,,,,,,,
axils,a,x,i,l,s,,0,,,,,,,,,,,,
axles,a,x,l,e,s,,0,,,,,,,,,,,,
axons,a,x,o,n,s,,0,,,,,,,,,,,,
babes,b,a,b,e,s,b,2,,,,,,,,,,,,
backs,b,a,c,k,s,,0,,,,,,,,,,,,
bails,b,a,i,l,s,,0,,,,,,,,,,,,
baits,b,a,i,t,s,,0,,,,,,,,,,,,
bakes,b,a,k,e,s,,0,,,,,,,,,,,,
bales,b,a,l,e,s,,0,,,,,,,,,,,,
balks,b,a,l,k,s,,0,,,,,,,,,,,,
balls,b,a,l,l,s,l,2,,,,,,,,,,,,
balms,b,a,l,m,s,,0,,,,,,,,,,,,
bands,b,a,n,d,s,,0,,,,,,,,,,,,
banes,b,a,n,e,s,,0,,,,,,,,,,,,
bangs,b,a,n,g,s,,0,,,,,,,,,,,,
banks,b,a,n,k,s,,0,,,,,,,,,,,,
barbs,b,a,r,b,s,b,2,,,,,,,,,,,,
bards,b,a,r,d,s,,0,,,,,,,,,,,,
bares,b,a,r,e,s,,0,,,,,,,,,,,,
barks,b,a,r,k,s,,0,,,,,,,,,,,,
barns,b,a,r,n,s,,0,,,,,,,,,,,,
bases,b,a,s,e,s,s,2,,,,,,,,,,,,
basis,b,a,s,i,s,s,2,,,,,,,,,,,,
basks,b,a,s,k,s,s,2,,,,,,,,,,,,
baths,b,a,t,h,s,,0,,,,,,,,,,,,
batts,b,a,t,t,s,t,2,,,,,,,,,,,,
bawls,b,a,w,l,s,,0,,,,,,,,,,,,
beads,b,e,a,d,s,,0,,,,,,,,,,,,
beaks,b,e,a,k,s,,0,,,,,,,,,,,,
beams,b,e,a,m,s,,0,,,,,,,,,,,,
beans,b,e,a,n,s,,0,,,,,,,,,,,,
bears,b,e,a,r,s,,0,,,,,,,,,,,,
beats,b,e,a,t,s,,0,,,,,,,,,,,,
beaus,b,e,a,u,s,,0,,,,,,,,,,,,
becks,b,e,c,k,s,,0,,,,,,,,,,,,
beefs,b,e,e,f,s,e,2,,,,,,,,,,,,
beeps,b,e,e,p,s,e,2,,,,,,,,,,,,
beers,b,e,e,r,s,e,2,,,,,,,,,,,,
beets,b,e,e,t,s,e,2,,,,,,,,,,,,
bells,b,e,l,l,s,l,2,,,,,,,,,,,,
belts,b,e,l,t,s,,0,,,,,,,,,,,,
bends,b,e,n,d,s,,0,,,,,,,,,,,,
bents,b,e,n,t,s,,0,,,,,,,,,,,,
bergs,b,e,r,g,s,,0,,,,,,,,,,,,
berms,b,e,r,m,s,,0,,,,,,,,,,,,
bests,b,e,s,t,s,s,2,,,,,,,,,,,,
betas,b,e,t,a,s,,0,,,,,,,,,,,,
bides,b,i,d,e,s,,0,,,,,,,,,,,,
bikes,b,i,k,e,s,,0,,,,,,,,,,,,
biles,b,i,l,e,s,,0,,,,,,,,,,,,
bills,b,i,l,l,s,l,2,,,,,,,,,,,,
binds,b,i,n,d,s,,0,,,,,,,,,,,,
birds,b,i,r,d,s,,0,,,,,,,,,,,,
bites,b,i,t,e,s,,0,,,,,,,,,,,,
blebs,b,l,e,b,s,b,2,,,,,,,,,,,,
bless,b,l,e,s,s,s,2,,,,,,,,,,,,
blips,b,l,i,p,s,,0,,,,,,,,,,,,
bliss,b,l,i,s,s,s,2,,,,,,,,,,,,
blobs,b,l,o,b,s,b,2,,,,,,,,,,,,
blocs,b,l,o,c,s,,0,,,,,,,,,,,,
blogs,b,l,o,g,s,,0,,,,,,,,,,,,
blots,b,l,o,t,s,,0,,,,,,,,,,,,
blows,b,l,o,w,s,,0,,,,,,,,,,,,
blues,b,l,u,e,s,,0,,,,,,,,,,,,
blurs,b,l,u,r,s,,0,,,,,,,,,,,,
boars,b,o,a,r,s,,0,,,,,,,,,,,,
boats,b,o,a,t,s,,0,,,,,,,,,,,,
bodes,b,o,d,e,s,,0,,,,,,,,,,,,
bogus,b,o,g,u,s,,0,,,,,,,,,,,,
boils,b,o,i,l,s,,0,,,,,,,,,,,,
bolas,b,o,l,a,s,,0,,,,,,,,,,,,
boles,b,o,l,e,s,,0,,,,,,,,,,,,
bolls,b,o,l,l,s,l,2,,,,,,,,,,,,
bolts,b,o,l,t,s,,0,,,,,,,,,,,,
bolus,b,o,l,u,s,,0,,,,,,,,,,,,
bombs,b,o,m,b,s,b,2,,,,,,,,,,,,
bonds,b,o,n,d,s,,0,,,,,,,,,,,,
bones,b,o,n,e,s,,0,,,,,,,,,,,,
bongs,b,o,n,g,s,,0,,,,,,,,,,,,
bonks,b,o,n,k,s,,0,,,,,,,,,,,,
bonus,b,o,n,u,s,,0,,,,,,,,,,,,
boobs,b,o,o,b,s,b,2,,,,,,,,,,,,
books,b,o,o,k,s,o,2,,,,,,,,,,,,
booms,b,o,o,m,s,o,2,,,,,,,,,,,,
boons,b,o,o,n,s,o,2,,,,,,,,,,,,
boors,b,o,o,r,s,o,2,,,,,,,,,,,,
boots,b,o,o,t,s,o,2,,,,,,,,,,,,
bores,b,o,r,e,s,,0,,,,,,,,,,,,
bouts,b,o,u,t,s,,0,,,,,,,,,,,,
bowls,b,o,w,l,s,,0,,,,,,,,,,,,
boxes,b,o,x,e,s,,0,,,,,,,,,,,,
boyos,b,o,y,o,s,o,2,,,,,,,,,,,,
bozos,b,o,z,o,s,o,2,,,,,,,,,,,,
brads,b,r,a,d,s,,0,,,,,,,,,,,,
brags,b,r,a,g,s,,0,,,,,,,,,,,,
brans,b,r,a,n,s,,0,,,,,,,,,,,,
brass,b,r,a,s,s,s,2,,,,,,,,,,,,
brats,b,r,a,t,s,,0,,,,,,,,,,,,
brays,b,r,a,y,s,,0,,,,,,,,,,,,
brews,b,r,e,w,s,,0,,,,,,,,,,,,
brigs,b,r,i,g,s,,0,,,,,,,,,,,,
brims,b,r,i,m,s,,0,,,,,,,,,,,,
brits,b,r,i,t,s,,0,,,,,,,,,,,,
brows,b,r,o,w,s,,0,,,,,,,,,,,,
bucks,b,u,c,k,s,,0,,,,,,,,,,,,
buffs,b,u,f,f,s,f,2,,,,,,,,,,,,
bulbs,b,u,l,b,s,b,2,,,,,,,,,,,,
bulks,b,u,l,k,s,,0,,,,,,,,,,,,
bulls,b,u,l,l,s,l,2,,,,,,,,,,,,
bumps,b,u,m,p,s,,0,,,,,,,,,,,,
bunds,b,u,n,d,s,,0,,,,,,,,,,,,
bunks,b,u,n,k,s,,0,,,,,,,,,,,,
bunts,b,u,n,t,s,,0,,,,,,,,,,,,
buoys,b,u,o,y,s,,0,,,,,,,,,,,,
burbs,b,u,r,b,s,b,2,,,,,,,,,,,,
burgs,b,u,r,g,s,,0,,,,,,,,,,,,
burns,b,u,r,n,s,,0,,,,,,,,,,,,
burps,b,u,r,p,s,,0,,,,,,,,,,,,
burrs,b,u,r,r,s,r,2,,,,,,,,,,,,
buses,b,u,s,e,s,s,2,,,,,,,,,,,,
busts,b,u,s,t,s,s,2,,,,,,,,,,,,
butts,b,u,t,t,s,t,2,,,,,,,,,,,,
byres,b,y,r,e,s,,0,,,,,,,,,,,,
bytes,b,y,t,e,s,,0,,,,,,,,,,,,
cafes,c,a,f,e,s,,0,,,,,,,,,,,,
cages,c,a,g,e,s,,0,,,,,,,,,,,,
cakes,c,a,k,e,s,,0,,,,,,,,,,,,
calfs,c,a,l,f,s,,0,,,,,,,,,,,,
calls,c,a,l,l,s,l,2,,,,,,,,,,,,
calms,c,a,l,m,s,,0,,,,,,,,,,,,
camps,c,a,m,p,s,,0,,,,,,,,,,,,
canes,c,a,n,e,s,,0,,,,,,,,,,,,
capes,c,a,p,e,s,,0,,,,,,,,,,,,
capos,c,a,p,o,s,,0,,,,,,,,,,,,
carbs,c,a,r,b,s,,0,,,,,,,,,,,,
cards,c,a,r,d,s,,0,,,,,,,,,,,,
cares,c,a,r,e,s,,0,,,,,,,,,,,,
carps,c,a,r,p,s,,0,,,,,,,,,,,,
carts,c,a,r,t,s,,0,,,,,,,,,,,,
cases,c,a,s,e,s,s,2,,,,,,,,,,,,
casks,c,a,s,k,s,s,2,,,,,,,,,,,,
casts,c,a,s,t,s,s,2,,,,,,,,,,,,
caves,c,a,v,e,s,,0,,,,,,,,,,,,
cedes,c,e,d,e,s,e,2,,,,,,,,,,,,
cells,c,e,l,l,s,l,2,,,,,,,,,,,,
celts,c,e,l,t,s,,0,,,,,,,,,,,,
cents,c,e,n,t,s,,0,,,,,,,,,,,,
chads,c,h,a,d,s,,0,,,,,,,,,,,,
chaos,c,h,a,o,s,,0,,,,,,,,,,,,
chaps,c,h,a,p,s,,0,,,,,,,,,,,,
chars,c,h,a,r,s,,0,,,,,,,,,,,,
chats,c,h,a,t,s,,0,,,,,,,,,,,,
chefs,c,h,e,f,s,,0,,,,,,,,,,,,
chess,c,h,e,s,s,s,2,,,,,,,,,,,,
chews,c,h,e,w,s,,0,,,,,,,,,,,,
chins,c,h,i,n,s,,0,,,,,,,,,,,,
chips,c,h,i,p,s,,0,,,,,,,,,,,,
chits,c,h,i,t,s,,0,,,,,,,,,,,,
chops,c,h,o,p,s,,0,,,,,,,,,,,,
chows,c,h,o,w,s,,0,,,,,,,,,,,,
chubs,c,h,u,b,s,,0,,,,,,,,,,,,
chugs,c,h,u,g,s,,0,,,,,,,,,,,,
chums,c,h,u,m,s,,0,,,,,,,,,,,,
cites,c,i,t,e,s,,0,,,,,,,,,,,,
clams,c,l,a,m,s,,0,,,,,,,,,,,,
clans,c,l,a,n,s,,0,,,,,,,,,,,,
claps,c,l,a,p,s,,0,,,,,,,,,,,,
class,c,l,a,s,s,s,2,,,,,,,,,,,,
claws,c,l,a,w,s,,0,,,,,,,,,,,,
clays,c,l,a,y,s,,0,,,,,,,,,,,,
clefs,c,l,e,f,s,,0,,,,,,,,,,,,
clips,c,l,i,p,s,,0,,,,,,,,,,,,
clods,c,l,o,d,s,,0,,,,,,,,,,,,
clogs,c,l,o,g,s,,0,,,,,,,,,,,,
clots,c,l,o,t,s,,0,,,,,,,,,,,,
clubs,c,l,u,b,s,,0,,,,,,,,,,,,
clues,c,l,u,e,s,,0,,,,,,,,,,,,
coals,c,o,a,l,s,,0,,,,,,,,,,,,
coats,c,o,a,t,s,,0,,,,,,,,,,,,
cocks,c,o,c,k,s,c,2,,,,,,,,,,,,
codas,c,o,d,a,s,,0,,,,,,,,,,,,
codes,c,o,d,e,s,,0,,,,,,,,,,,,
coeds,c,o,e,d,s,,0,,,,,,,,,,,,
cohos,c,o,h,o,s,o,2,,,,,,,,,,,,
coifs,c,o,i,f,s,,0,,,,,,,,,,,,
coils,c,o,i,l,s,,0,,,,,,,,,,,,
coins,c,o,i,n,s,,0,,,,,,,,,,,,
cokes,c,o,k,e,s,,0,,,,,,,,,,,,
colas,c,o,l,a,s,,0,,,,,,,,,,,,
colds,c,o,l,d,s,,0,,,,,,,,,,,,
coles,c,o,l,e,s,,0,,,,,,,,,,,,
colts,c,o,l,t,s,,0,,,,,,,,,,,,
comas,c,o,m,a,s,,0,,,,,,,,,,,,
combs,c,o,m,b,s,,0,,,,,,,,,,,,
comes,c,o,m,e,s,,0,,,,,,,,,,,,
comps,c,o,m,p,s,,0,,,,,,,,,,,,
cones,c,o,n,e,s,,0,,,,,,,,,,,,
conks,c,o,n,k,s,,0,,,,,,,,,,,,
cooks,c,o,o,k,s,o,2,,,,,,,,,,,,
cools,c,o,o,l,s,o,2,,,,,,,,,,,,
coops,c,o,o,p,s,o,2,,,,,,,,,,,,
copes,c,o,p,e,s,,0,,,,,,,,,,,,
cords,c,o,r,d,s,,0,,,,,,,,,,,,
cores,c,o,r,e,s,,0,,,,,,,,,,,,
corks,c,o,r,k,s,,0,,,,,,,,,,,,
corms,c,o,r,m,s,,0,,,,,,,,,,,,
corns,c,o,r,n,s,,0,,,,,,,,,,,,
corps,c,o,r,p,s,,0,,,,,,,,,,,,
costs,c,o,s,t,s,s,2,,,,,,,,,,,,
coups,c,o,u,p,s,,0,,,,,,,,,,,,
coves,c,o,v,e,s,,0,,,,,,,,,,,,
cowls,c,o,w,l,s,,0,,,,,,,,,,,,
crabs,c,r,a,b,s,,0,,,,,,,,,,,,
crags,c,r,a,g,s,,0,,,,,,,,,,,,
crams,c,r,a,m,s,,0,,,,,,,,,,,,
craps,c,r,a,p,s,,0,,,,,,,,,,,,
crass,c,r,a,s,s,s,2,,,,,,,,,,,,
craws,c,r,a,w,s,,0,,,,,,,,,,,,
cress,c,r,e,s,s,s,2,,,,,,,,,,,,
crews,c,r,e,w,s,,0,,,,,,,,,,,,
cribs,c,r,i,b,s,,0,,,,,,,,,,,,
cries,c,r,i,e,s,,0,,,,,,,,,,,,
crits,c,r,i,t,s,,0,,,,,,,,,,,,
crocs,c,r,o,c,s,c,2,,,,,,,,,,,,
crops,c,r,o,p,s,,0,,,,,,,,,,,,
cross,c,r,o,s,s,s,2,,,,,,,,,,,,
crows,c,r,o,w,s,,0,,,,,,,,,,,,
cubes,c,u,b,e,s,,0,,,,,,,,,,,,
cuffs,c,u,f,f,s,f,2,,,,,,,,,,,,
culls,c,u,l,l,s,l,2,,,,,,,,,,,,
cults,c,u,l,t,s,,0,,,,,,,,,,,,
curbs,c,u,r,b,s,,0,,,,,,,,,,,,
curds,c,u,r,d,s,,0,,,,,,,,,,,,
cures,c,u,r,e,s,,0,,,,,,,,,,,,
curls,c,u,r,l,s,,0,,,,,,,,,,,,
cusps,c,u,s,p,s,s,2,,,,,,,,,,,,
cutis,c,u,t,i,s,,0,,,,,,,,,,,,
cysts,c,y,s,t,s,s,2,,,,,,,,,,,,
czars,c,z,a,r,s,,0,,,,,,,,,,,,
dados,d,a,d,o,s,d,2,,,,,,,,,,,,
dales,d,a,l,e,s,,0,,,,,,,,,,,,
dames,d,a,m,e,s,,0,,,,,,,,,,,,
damns,d,a,m,n,s,,0,,,,,,,,,,,,
damps,d,a,m,p,s,,0,,,,,,,,,,,,
dares,d,a,r,e,s,,0,,,,,,,,,,,,
darks,d,a,r,k,s,,0,,,,,,,,,,,,
darns,d,a,r,n,s,,0,,,,,,,,,,,,
darts,d,a,r,t,s,,0,,,,,,,,,,,,
dates,d,a,t,e,s,,0,,,,,,,,,,,,
daubs,d,a,u,b,s,,0,,,,,,,,,,,,
dawns,d,a,w,n,s,,0,,,,,,,,,,,,
deals,d,e,a,l,s,,0,,,,,,,,,,,,
deans,d,e,a,n,s,,0,,,,,,,,,,,,
dears,d,e,a,r,s,,0,,,,,,,,,,,,
debts,d,e,b,t,s,,0,,,,,,,,,,,,
decks,d,e,c,k,s,,0,,,,,,,,,,,,
deeds,d,e,e,d,s,d,2,,,,,,,,,,,,
deems,d,e,e,m,s,e,2,,,,,,,,,,,,
deeps,d,e,e,p,s,e,2,,,,,,,,,,,,
deers,d,e,e,r,s,e,2,,,,,,,,,,,,
dekes,d,e,k,e,s,e,2,,,,,,,,,,,,
delis,d,e,l,i,s,,0,,,,,,,,,,,,
dells,d,e,l,l,s,l,2,,,,,,,,,,,,
demos,d,e,m,o,s,,0,,,,,,,,,,,,
dents,d,e,n,t,s,,0,,,,,,,,,,,,
desks,d,e,s,k,s,s,2,,,,,,,,,,,,
dhows,d,h,o,w,s,,0,,,,,,,,,,,,
dials,d,i,a,l,s,,0,,,,,,,,,,,,
dices,d,i,c,e,s,,0,,,,,,,,,,,,
diets,d,i,e,t,s,,0,,,,,,,,,,,,
dikes,d,i,k,e,s,,0,,,,,,,,,,,,
dills,d,i,l,l,s,l,2,,,,,,,,,,,,
dimes,d,i,m,e,s,,0,,,,,,,,,,,,
dines,d,i,n,e,s,,0,,,,,,,,,,,,
dings,d,i,n,g,s,,0,,,,,,,,,,,,
dinks,d,i,n,k,s,,0,,,,,,,,,,,,
dinos,d,i,n,o,s,,0,,,,,,,,,,,,
discs,d,i,s,c,s,s,2,,,,,,,,,,,,
disks,d,i,s,k,s,s,2,,,,,,,,,,,,
divas,d,i,v,a,s,,0,,,,,,,,,,,,
dives,d,i,v,e,s,,0,,,,,,,,,,,,
docks,d,o,c,k,s,,0,,,,,,,,,,,,
dodos,d,o,d,o,s,d,2,,,,,,,,,,,,
doers,d,o,e,r,s,,0,,,,,,,,,,,,
doffs,d,o,f,f,s,f,2,,,,,,,,,,,,
doges,d,o,g,e,s,,0,,,,,,,,,,,,
doles,d,o,l,e,s,,0,,,,,,,,,,,,
dolls,d,o,l,l,s,l,2,,,,,,,,,,,,
dolts,d,o,l,t,s,,0,,,,,,,,,,,,
domes,d,o,m,e,s,,0,,,,,,,,,,,,
dongs,d,o,n,g,s,,0,,,,,,,,,,,,
dooms,d,o,o,m,s,o,2,,,,,,,,,,,,
doors,d,o,o,r,s,o,2,,,,,,,,,,,,
dopes,d,o,p,e,s,,0,,,,,,,,,,,,
dorks,d,o,r,k,s,,0,,,,,,,,,,,,
dorms,d,o,r,m,s,,0,,,,,,,,,,,,
dosas,d,o,s,a,s,s,2,,,,,,,,,,,,
doses,d,o,s,e,s,s,2,,,,,,,,,,,,
dotes,d,o,t,e,s,,0,,,,,,,,,,,,
doves,d,o,v,e,s,,0,,,,,,,,,,,,
downs,d,o,w,n,s,,0,,,,,,,,,,,,
dozes,d,o,z,e,s,,0,,,,,,,,,,,,
drabs,d,r,a,b,s,,0,,,,,,,,,,,,
drags,d,r,a,g,s,,0,,,,,,,,,,,,
drams,d,r,a,m,s,,0,,,,,,,,,,,,
draws,d,r,a,w,s,,0,,,,,,,,,,,,
drays,d,r,a,y,s,,0,,,,,,,,,,,,
dregs,d,r,e,g,s,,0,,,,,,,,,,,,
dress,d,r,e,s,s,s,2,,,,,,,,,,,,
dribs,d,r,i,b,s,,0,,,,,,,,,,,,
dries,d,r,i,e,s,,0,,,,,,,,,,,,
drips,d,r,i,p,s,,0,,,,,,,,,,,,
drops,d,r,o,p,s,,0,,,,,,,,,,,,
dross,d,r,o,s,s,s,2,,,,,,,,,,,,
drugs,d,r,u,g,s,,0,,,,,,,,,,,,
drums,d,r,u,m,s,,0,,,,,,,,,,,,
duals,d,u,a,l,s,,0,,,,,,,,,,,,
ducks,d,u,c,k,s,,0,,,,,,,,,,,,
ducts,d,u,c,t,s,,0,,,,,,,,,,,,
dudes,d,u,d,e,s,d,2,,,,,,,,,,,,
duels,d,u,e,l,s,,0,,,,,,,,,,,,
duets,d,u,e,t,s,,0,,,,,,,,,,,,
duffs,d,u,f,f,s,f,2,,,,,,,,,,,,
dukes,d,u,k,e,s,,0,,,,,,,,,,,,
dulls,d,u,l,l,s,l,2,,,,,,,,,,,,
dumps,d,u,m,p,s,,0,,,,,,,,,,,,
dunes,d,u,n,e,s,,0,,,,,,,,,,,,
dunks,d,u,n,k,s,,0,,,,,,,,,,,,
dupes,d,u,p,e,s,,0,,,,,,,,,,,,
dusks,d,u,s,k,s,s,2,,,,,,,,,,,,
dusts,d,u,s,t,s,s,2,,,,,,,,,,,,
dyads,d,y,a,d,s,d,2,,,,,,,,,,,,
dyers,d,y,e,r,s,,0,,,,,,,,,,,,
dykes,d,y,k,e,s,,0,,,,,,,,,,,,
earls,e,a,r,l,s,,0,,,,,,,,,,,,
earns,e,a,r,n,s,,0,,,,,,,,,,,,
eases,e,a,s,e,s,e,2,,,,,,,,,,,,
eaves,e,a,v,e,s,e,2,,,,,,,,,,,,
echos,e,c,h,o,s,,0,,,,,,,,,,,,
edges,e,d,g,e,s,e,2,,,,,,,,,,,,
edits,e,d,i,t,s,,0,,,,,,,,,,,,
eidos,e,i,d,o,s,,0,,,,,,,,,,,,
elves,e,l,v,e,s,e,2,,,,,,,,,,,,
emirs,e,m,i,r,s,,0,,,,,,,,,,,,
emits,e,m,i,t,s,,0,,,,,,,,,,,,
epics,e,p,i,c,s,,0,,,,,,,,,,,,
ethos,e,t,h,o,s,,0,,,,,,,,,,,,
euros,e,u,r,o,s,,0,,,,,,,,,,,,
evens,e,v,e,n,s,e,2,,,,,,,,,,,,
evils,e,v,i,l,s,,0,,,,,,,,,,,,
ewers,e,w,e,r,s,e,2,,,,,,,,,,,,
exams,e,x,a,m,s,,0,,,,,,,,,,,,
execs,e,x,e,c,s,e,2,,,,,,,,,,,,
exits,e,x,i,t,s,,0,,,,,,,,,,,,
expos,e,x,p,o,s,,0,,,,,,,,,,,,
faces,f,a,c,e,s,,0,,,,,,,,,,,,
facts,f,a,c,t,s,,0,,,,,,,,,,,,
fades,f,a,d,e,s,,0,,,,,,,,,,,,
fails,f,a,i,l,s,,0,,,,,,,,,,,,
fairs,f,a,i,r,s,,0,,,,,,,,,,,,
fakes,f,a,k,e,s,,0,,,,,,,,,,,,
falls,f,a,l,l,s,l,2,,,,,,,,,,,,
fangs,f,a,n,g,s,,0,,,,,,,,,,,,
fares,f,a,r,e,s,,0,,,,,,,,,,,,
farms,f,a,r,m,s,,0,,,,,,,,,,,,
farts,f,a,r,t,s,,0,,,,,,,,,,,,
fasts,f,a,s,t,s,s,2,,,,,,,,,,,,
fates,f,a,t,e,s,,0,,,,,,,,,,,,
fauns,f,a,u,n,s,,0,,,,,,,,,,,,
favas,f,a,v,a,s,a,2,,,,,,,,,,,,
faves,f,a,v,e,s,,0,,,,,,,,,,,,
fawns,f,a,w,n,s,,0,,,,,,,,,,,,
faxes,f,a,x,e,s,,0,,,,,,,,,,,,
fazes,f,a,z,e,s,,0,,,,,,,,,,,,
fears,f,e,a,r,s,,0,,,,,,,,,,,,
feats,f,e,a,t,s,,0,,,,,,,,,,,,
feces,f,e,c,e,s,e,2,,,,,,,,,,,,
feeds,f,e,e,d,s,e,2,,,,,,,,,,,,
feels,f,e,e,l,s,e,2,,,,,,,,,,,,
fells,f,e,l,l,s,l,2,,,,,,,,,,,,
felts,f,e,l,t,s,,0,,,,,,,,,,,,
fends,f,e,n,d,s,,0,,,,,,,,,,,,
ferns,f,e,r,n,s,,0,,,,,,,,,,,,
fests,f,e,s,t,s,s,2,,,,,,,,,,,,
fetes,f,e,t,e,s,e,2,,,,,,,,,,,,
fetus,f,e,t,u,s,,0,,,,,,,,,,,,
feuds,f,e,u,d,s,,0,,,,,,,,,,,,
fiats,f,i,a,t,s,,0,,,,,,,,,,,,
ficus,f,i,c,u,s,,0,,,,,,,,,,,,
fiefs,f,i,e,f,s,f,2,,,,,,,,,,,,
fifes,f,i,f,e,s,f,2,,,,,,,,,,,,
files,f,i,l,e,s,,0,,,,,,,,,,,,
fills,f,i,l,l,s,l,2,,,,,,,,,,,,
films,f,i,l,m,s,,0,,,,,,,,,,,,
finds,f,i,n,d,s,,0,,,,,,,,,,,,
fines,f,i,n,e,s,,0,,,,,,,,,,,,
finis,f,i,n,i,s,i,2,,,,,,,,,,,,
finks,f,i,n,k,s,,0,,,,,,,,,,,,
fires,f,i,r,e,s,,0,,,,,,,,,,,,
firms,f,i,r,m,s,,0,,,,,,,,,,,,
fists,f,i,s,t,s,s,2,,,,,,,,,,,,
fives,f,i,v,e,s,,0,,,,,,,,,,,,
fixes,f,i,x,e,s,,0,,,,,,,,,,,,
flags,f,l,a,g,s,,0,,,,,,,,,,,,
flans,f,l,a,n,s,,0,,,,,,,,,,,,
flaps,f,l,a,p,s,,0,,,,,,,,,,,,
flats,f,l,a,t,s,,0,,,,,,,,,,,,
flaws,f,l,a,w,s,,0,,,,,,,,,,,,
flays,f,l,a,y,s,,0,,,,,,,,,,,,
fleas,f,l,e,a,s,,0,,,,,,,,,,,,
flees,f,l,e,e,s,e,2,,,,,,,,,,,,
flies,f,l,i,e,s,,0,,,,,,,,,,,,
flows,f,l,o,w,s,,0,,,,,,,,,,,,
focus,f,o,c,u,s,,0,,,,,,,,,,,,
folks,f,o,l,k,s,,0,,,,,,,,,,,,
fonts,f,o,n,t,s,,0,,,,,,,,,,,,
foods,f,o,o,d,s,o,2,,,,,,,,,,,,
forms,f,o,r,m,s,,0,,,,,,,,,,,,
fries,f,r,i,e,s,,0,,,,,,,,,,,,
fuels,f,u,e,l,s,,0,,,,,,,,,,,,
funds,f,u,n,d,s,,0,,,,,,,,,,,,
gains,g,a,i,n,s,,0,,,,,,,,,,,,
games,g,a,m,e,s,,0,,,,,,,,,,,,
gases,g,a,s,e,s,s,2,,,,,,,,,,,,
gates,g,a,t,e,s,,0,,,,,,,,,,,,
gears,g,e,a,r,s,,0,,,,,,,,,,,,
genes,g,e,n,e,s,e,2,,,,,,,,,,,,
gifts,g,i,f,t,s,,0,,,,,,,,,,,,
girls,g,i,r,l,s,,0,,,,,,,,,,,,
gives,g,i,v,e,s,,0,,,,,,,,,,,,
glass,g,l,a,s,s,s,2,,,,,,,,,,,,
gloss,g,l,o,s,s,s,2,,,,,,,,,,,,
goals,g,o,a,l,s,,0,,,,,,,,,,,,
goats,g,o,a,t,s,,0,,,,,,,,,,,,
goods,g,o,o,d,s,o,2,,,,,,,,,,,,
grams,g,r,a,m,s,,0,,,,,,,,,,,,
grass,g,r,a,s,s,s,2,,,,,,,,,,,,
grips,g,r,i,p,s,,0,,,,,,,,,,,,
gross,g,r,o,s,s,s,2,,,,,,,,,,,,
grows,g,r,o,w,s,,0,,,,,,,,,,,,
guess,g,u,e,s,s,s,2,,,,,,,,,,,,
hairs,h,a,i,r,s,,0,,,,,,,,,,,,
halls,h,a,l,l,s,l,2,,,,,,,,,,,,
hands,h,a,n,d,s,,0,,,,,,,,,,,,
hangs,h,a,n,g,s,,0,,,,,,,,,,,,
hates,h,a,t,e,s,,0,,,,,,,,,,,,
hawks,h,a,w,k,s,,0,,,,,,,,,,,,
heads,h,e,a,d,s,,0,,,,,,,,,,,,
heels,h,e,e,l,s,e,2,,,,,,,,,,,,
helps,h,e,l,p,s,,0,,,,,,,,,,,,
herbs,h,e,r,b,s,,0,,,,,,,,,,,,
highs,h,i,g,h,s,h,2,,,,,,,,,,,,
hills,h,i,l,l,s,l,2,,,,,,,,,,,,
hints,h,i,n,t,s,,0,,,,,,,,,,,,
holds,h,o,l,d,s,,0,,,,,,,,,,,,
holes,h,o,l,e,s,,0,,,,,,,,,,,,
homes,h,o,m,e,s,,0,,,,,,,,,,,,
hooks,h,o,o,k,s,o,2,,,,,,,,,,,,
hopes,h,o,p,e,s,,0,,,,,,,,,,,,
horns,h,o,r,n,s,,0,,,,,,,,,,,,
hosts,h,o,s,t,s,s,2,,,,,,,,,,,,
hours,h,o,u,r,s,,0,,,,,,,,,,,,
hurts,h,u,r,t,s,,0,,,,,,,,,,,,
icons,i,c,o,n,s,,0,,,,,,,,,,,,
ideas,i,d,e,a,s,,0,,,,,,,,,,,,
items,i,t,e,m,s,,0,,,,,,,,,,,,
jeans,j,e,a,n,s,,0,,,,,,,,,,,,
joins,j,o,i,n,s,,0,,,,,,,,,,,,
jokes,j,o,k,e,s,,0,,,,,,,,,,,,
jumps,j,u,m,p,s,,0,,,,,,,,,,,,
keeps,k,e,e,p,s,e,2,,,,,,,,,,,,
kicks,k,i,c,k,s,k,2,,,,,,,,,,,,
kills,k,i,l,l,s,l,2,,,,,,,,,,,,
kinds,k,i,n,d,s,,0,,,,,,,,,,,,
kings,k,i,n,g,s,,0,,,,,,,,,,,,
knees,k,n,e,e,s,e,2,,,,,,,,,,,,
knots,k,n,o,t,s,,0,,,,,,,,,,,,
knows,k,n,o,w,s,,0,,,,,,,,,,,,
lacks,l,a,c,k,s,,0,,,,,,,,,,,,
lakes,l,a,k,e,s,,0,,,,,,,,,,,,
lamps,l,a,m,p,s,,0,,,,,,,,,,,,
lands,l,a,n,d,s,,0,,,,,,,,,,,,
lanes,l,a,n,e,s,,0,,,,,,,,,,,,
lasts,l,a,s,t,s,s,2,,,,,,,,,,,,
leads,l,e,a,d,s,,0,,,,,,,,,,,,
leaks,l,e,a,k,s,,0,,,,,,,,,,,,
likes,l,i,k,e,s,,0,,,,,,,,,,,,
limbs,l,i,m,b,s,,0,,,,,,,,,,,,
lines,l,i,n,e,s,,0,,,,,,,,,,,,
links,l,i,n,k,s,,0,,,,,,,,,,,,
lions,l,i,o,n,s,,0,,,,,,,,,,,,
lists,l,i,s,t,s,s,2,,,,,,,,,,,,
lives,l,i,v,e,s,,0,,,,,,,,,,,,
loads,l,o,a,d,s,,0,,,,,,,,,,,,
loans,l,o,a,n,s,,0,,,,,,,,,,,,
locks,l,o,c,k,s,,0,,,,,,,,,,,,
logos,l,o,g,o,s,o,2,,,,,,,,,,,,
looks,l,o,o,k,s,o,2,,,,,,,,,,,,
loops,l,o,o,p,s,o,2,,,,,,,,,,,,
lords,l,o,r,d,s,,0,,,,,,,,,,,,
loses,l,o,s,e,s,s,2,,,,,,,,,,,,
loves,l,o,v,e,s,,0,,,,,,,,,,,,
lungs,l,u,n,g,s,,0,,,,,,,,,,,,
makes,m,a,k,e,s,,0,,,,,,,,,,,,
males,m,a,l,e,s,,0,,,,,,,,,,,,
marks,m,a,r,k,s,,0,,,,,,,,,,,,
masks,m,a,s,k,s,s,2,,,,,,,,,,,,
mates,m,a,t,e,s,,0,,,,,,,,,,,,
maths,m,a,t,h,s,,0,,,,,,,,,,,,
meals,m,e,a,l,s,,0,,,,,,,,,,,,
means,m,e,a,n,s,,0,,,,,,,,,,,,
meats,m,e,a,t,s,,0,,,,,,,,,,,,
meets,m,e,e,t,s,e,2,,,,,,,,,,,,
menus,m,e,n,u,s,,0,,,,,,,,,,,,
miles,m,i,l,e,s,,0,,,,,,,,,,,,
minds,m,i,n,d,s,,0,,,,,,,,,,,,
mines,m,i,n,e,s,,0,,,,,,,,,,,,
minus,m,i,n,u,s,,0,,,,,,,,,,,,
mixes,m,i,x,e,s,,0,,,,,,,,,,,,
modes,m,o,d,e,s,,0,,,,,,,,,,,,
moves,m,o,v,e,s,,0,,,,,,,,,,,,
myths,m,y,t,h,s,,0,,,,,,,,,,,,
nails,n,a,i,l,s,,0,,,,,,,,,,,,
names,n,a,m,e,s,,0,,,,,,,,,,,,
needs,n,e,e,d,s,e,2,,,,,,,,,,,,
nexus,n,e,x,u,s,,0,,,,,,,,,,,,
nodes,n,o,d,e,s,,0,,,,,,,,,,,,
norms,n,o,r,m,s,,0,,,,,,,,,,,,
notes,n,o,t,e,s,,0,,,,,,,,,,,,
oasis,o,a,s,i,s,s,2,,,,,,,,,,,,
opens,o,p,e,n,s,,0,,,,,,,,,,,,
packs,p,a,c,k,s,,0,,,,,,,,,,,,
pages,p,a,g,e,s,,0,,,,,,,,,,,,
pains,p,a,i,n,s,,0,,,,,,,,,,,,
pairs,p,a,i,r,s,,0,,,,,,,,,,,,
pants,p,a,n,t,s,,0,,,,,,,,,,,,
parks,p,a,r,k,s,,0,,,,,,,,,,,,
parts,p,a,r,t,s,,0,,,,,,,,,,,,
paths,p,a,t,h,s,,0,,,,,,,,,,,,
peaks,p,e,a,k,s,,0,,,,,,,,,,,,
peers,p,e,e,r,s,e,2,,,,,,,,,,,,
penis,p,e,n,i,s,,0,,,,,,,,,,,,
perks,p,e,r,k,s,,0,,,,,,,,,,,,
pests,p,e,s,t,s,s,2,,,,,,,,,,,,
picks,p,i,c,k,s,,0,,,,,,,,,,,,
piles,p,i,l,e,s,,0,,,,,,,,,,,,
pills,p,i,l,l,s,l,2,,,,,,,,,,,,
pipes,p,i,p,e,s,p,2,,,,,,,,,,,,
plans,p,l,a,n,s,,0,,,,,,,,,,,,
plays,p,l,a,y,s,,0,,,,,,,,,,,,
plots,p,l,o,t,s,,0,,,,,,,,,,,,
plugs,p,l,u,g,s,,0,,,,,,,,,,,,
poems,p,o,e,m,s,,0,,,,,,,,,,,,
poles,p,o,l,e,s,,0,,,,,,,,,,,,
polls,p,o,l,l,s,l,2,,,,,,,,,,,,
pools,p,o,o,l,s,o,2,,,,,,,,,,,,
pores,p,o,r,e,s,,0,,,,,,,,,,,,
ports,p,o,r,t,s,,0,,,,,,,,,,,,
poses,p,o,s,e,s,s,2,,,,,,,,,,,,
posts,p,o,s,t,s,s,2,,,,,,,,,,,,
press,p,r,e,s,s,s,2,,,,,,,,,,,,
props,p,r,o,p,s,p,2,,,,,,,,,,,,
pulls,p,u,l,l,s,l,2,,,,,,,,,,,,
pumps,p,u,m,p,s,p,2,,,,,,,,,,,,
races,r,a,c,e,s,,0,,,,,,,,,,,,
racks,r,a,c,k,s,,0,,,,,,,,,,,,
rails,r,a,i,l,s,,0,,,,,,,,,,,,
ranks,r,a,n,k,s,,0,,,,,,,,,,,,
rates,r,a,t,e,s,,0,,,,,,,,,,,,
reads,r,e,a,d,s,,0,,,,,,,,,,,,
rides,r,i,d,e,s,,0,,,,,,,,,,,,
rings,r,i,n,g,s,,0,,,,,,,,,,,,
rises,r,i,s,e,s,s,2,,,,,,,,,,,,
risks,r,i,s,k,s,s,2,,,,,,,,,,,,
roads,r,o,a,d,s,,0,,,,,,,,,,,,
rocks,r,o,c,k,s,,0,,,,,,,,,,,,
roles,r,o,l,e,s,,0,,,,,,,,,,,,
rolls,r,o,l,l,s,l,2,,,,,,,,,,,,
rooms,r,o,o,m,s,o,2,,,,,,,,,,,,
roots,r,o,o,t,s,o,2,,,,,,,,,,,,
ropes,r,o,p,e,s,,0,,,,,,,,,,,,
roses,r,o,s,e,s,s,2,,,,,,,,,,,,
ruins,r,u,i,n,s,,0,,,,,,,,,,,,
rules,r,u,l,e,s,,0,,,,,,,,,,,,
sales,s,a,l,e,s,s,2,,,,,,,,,,,,
saves,s,a,v,e,s,s,2,,,,,,,,,,,,
scans,s,c,a,n,s,s,2,,,,,,,,,,,,
seals,s,e,a,l,s,s,2,,,,,,,,,,,,
seams,s,e,a,m,s,s,2,,,,,,,,,,,,
seats,s,e,a,t,s,s,2,,,,,,,,,,,,
seeds,s,e,e,d,s,s,2,,,,,,,,,,,,
seeks,s,e,e,k,s,s,2,,,,,,,,,,,,
seems,s,e,e,m,s,s,2,,,,,,,,,,,,
sells,s,e,l,l,s,s,2,,,,,,,,,,,,
sends,s,e,n,d,s,s,2,,,,,,,,,,,,
ships,s,h,i,p,s,s,2,,,,,,,,,,,,
shoes,s,h,o,e,s,s,2,,,,,,,,,,,,
shops,s,h,o,p,s,s,2,,,,,,,,,,,,
shots,s,h,o,t,s,s,2,,,,,,,,,,,,
shows,s,h,o,w,s,s,2,,,,,,,,,,,,
sides,s,i,d,e,s,s,2,,,,,,,,,,,,
signs,s,i,g,n,s,s,2,,,,,,,,,,,,
sites,s,i,t,e,s,s,2,,,,,,,,,,,,
sizes,s,i,z,e,s,s,2,,,,,,,,,,,,
skies,s,k,i,e,s,s,2,,,,,,,,,,,,
skins,s,k,i,n,s,s,2,,,,,,,,,,,,
slots,s,l,o,t,s,s,2,,,,,,,,,,,,
socks,s,o,c,k,s,s,2,,,,,,,,,,,,
soils,s,o,i,l,s,s,2,,,,,,,,,,,,
songs,s,o,n,g,s,s,2,,,,,,,,,,,,
sorts,s,o,r,t,s,s,2,,,,,,,,,,,,
souls,s,o,u,l,s,s,2,,,,,,,,,,,,
specs,s,p,e,c,s,s,2,,,,,,,,,,,,
spots,s,p,o,t,s,s,2,,,,,,,,,,,,
spurs,s,p,u,r,s,s,2,,,,,,,,,,,,
stars,s,t,a,r,s,s,2,,,,,,,,,,,,
stats,s,t,a,t,s,s,2,,,,,,,,,,,,
stays,s,t,a,y,s,s,2,,,,,,,,,,,,
stems,s,t,e,m,s,s,2,,,,,,,,,,,,
steps,s,t,e,p,s,s,2,,,,,,,,,,,,
stops,s,t,o,p,s,s,2,,,,,,,,,,,,
sucks,s,u,c,k,s,s,2,,,,,,,,,,,,
suits,s,u,i,t,s,s,2,,,,,,,,,,,,
swiss,s,w,i,s,s,s,3,,,,,,,,,,,,
takes,t,a,k,e,s,,0,,,,,,,,,,,,
tales,t,a,l,e,s,,0,,,,,,,,,,,,
talks,t,a,l,k,s,,0,,,,,,,,,,,,
tanks,t,a,n,k,s,,0,,,,,,,,,,,,
tapes,t,a,p,e,s,,0,,,,,,,,,,,,
tasks,t,a,s,k,s,s,2,,,,,,,,,,,,
taxes,t,a,x,e,s,,0,,,,,,,,,,,,
teams,t,e,a,m,s,,0,,,,,,,,,,,,
tears,t,e,a,r,s,,0,,,,,,,,,,,,
teens,t,e,e,n,s,e,2,,,,,,,,,,,,
tells,t,e,l,l,s,l,2,,,,,,,,,,,,
tends,t,e,n,d,s,,0,,,,,,,,,,,,
tents,t,e,n,t,s,t,2,,,,,,,,,,,,
terms,t,e,r,m,s,,0,,,,,,,,,,,,
tests,t,e,s,t,s,t,2,,,,,,,,,,,,
texts,t,e,x,t,s,t,2,,,,,,,,,,,,
tiles,t,i,l,e,s,,0,,,,,,,,,,,,
times,t,i,m,e,s,,0,,,,,,,,,,,,
tires,t,i,r,e,s,,0,,,,,,,,,,,,
tones,t,o,n,e,s,,0,,,,,,,,,,,,
tools,t,o,o,l,s,o,2,,,,,,,,,,,,
tours,t,o,u,r,s,,0,,,,,,,,,,,,
towns,t,o,w,n,s,,0,,,,,,,,,,,,
trans,t,r,a,n,s,,0,,,,,,,,,,,,
traps,t,r,a,p,s,,0,,,,,,,,,,,,
trees,t,r,e,e,s,e,2,,,,,,,,,,,,
tries,t,r,i,e,s,,0,,,,,,,,,,,,
trips,t,r,i,p,s,,0,,,,,,,,,,,,
tubes,t,u,b,e,s,,0,,,,,,,,,,,,
tunes,t,u,n,e,s,,0,,,,,,,,,,,,
turns,t,u,r,n,s,,0,,,,,,,,,,,,
twins,t,w,i,n,s,,0,,,,,,,,,,,,
types,t,y,p,e,s,,0,,,,,,,,,,,,
tyres,t,y,r,e,s,,0,,,,,,,,,,,,
units,u,n,i,t,s,,0,,,,,,,,,,,,
users,u,s,e,r,s,s,2,,,,,,,,,,,,
veins,v,e,i,n,s,,0,,,,,,,,,,,,
vents,v,e,n,t,s,,0,,,,,,,,,,,,
views,v,i,e,w,s,,0,,,,,,,,,,,,
virus,v,i,r,u,s,,0,,,,,,,,,,,,
visas,v,i,s,a,s,s,2,,,,,,,,,,,,
volts,v,o,l,t,s,,0,,,,,,,,,,,,
votes,v,o,t,e,s,,0,,,,,,,,,,,,
wages,w,a,g,e,s,,0,,,,,,,,,,,,
walks,w,a,l,k,s,,0,,,,,,,,,,,,
walls,w,a,l,l,s,l,2,,,,,,,,,,,,
wants,w,a,n,t,s,,0,,,,,,,,,,,,
warns,w,a,r,n,s,,0,,,,,,,,,,,,
watts,w,a,t,t,s,t,2,,,,,,,,,,,,
waves,w,a,v,e,s,,0,,,,,,,,,,,,
wears,w,e,a,r,s,,0,,,,,,,,,,,,
weeds,w,e,e,d,s,e,2,,,,,,,,,,,,
weeks,w,e,e,k,s,e,2,,,,,,,,,,,,
wells,w,e,l,l,s,l,2,,,,,,,,,,,,
winds,w,i,n,d,s,,0,,,,,,,,,,,,
wines,w,i,n,e,s,,0,,,,,,,,,,,,
wings,w,i,n,g,s,,0,,,,,,,,,,,,
wires,w,i,r,e,s,,0,,,,,,,,,,,,
wives,w,i,v,e,s,,0,,,,,,,,,,,,
woods,w,o,o,d,s,o,2,,,,,,,,,,,,
words,w,o,r,d,s,,0,,,,,,,,,,,,
works,w,o,r,k,s,,0,,,,,,,,,,,,
worms,w,o,r,m,s,,0,,,,,,,,,,,,
yards,y,a,r,d,s,,0,,,,,,,,,,,,
years,y,e,a,r,s,,0,,,,,,,,,,,,
yours,y,o,u,r,s,,0,,,,,,,,,,,,
zones,z,o,n,e,s,,0,,,,,,,,,,,,
abbot,a,b,b,o,t,b,2,,,,,,,,,,,,
abort,a,b,o,r,t,,0,,,,,,,,,,,,
about,a,b,o,u,t,,0,,,,,,,,,,,,
adapt,a,d,a,p,t,a,2,,,,,,,,,,,,
adept,a,d,e,p,t,,0,,,,,,,,,,,,
admit,a,d,m,i,t,,0,,,,,,,,,,,,
adopt,a,d,o,p,t,,0,,,,,,,,,,,,
adult,a,d,u,l,t,,0,,,,,,,,,,,,
afoot,a,f,o,o,t,o,2,,,,,,,,,,,,
agent,a,g,e,n,t,,0,,,,,,,,,,,,
alert,a,l,e,r,t,,0,,,,,,,,,,,,
allot,a,l,l,o,t,l,2,,,,,,,,,,,,
aloft,a,l,o,f,t,,0,,,,,,,,,,,,
ambit,a,m,b,i,t,,0,,,,,,,,,,,,
angst,a,n,g,s,t,,0,,,,,,,,,,,,
apart,a,p,a,r,t,a,2,,,,,,,,,,,,
argot,a,r,g,o,t,,0,,,,,,,,,,,,
ascot,a,s,c,o,t,,0,,,,,,,,,,,,
asset,a,s,s,e,t,s,2,,,,,,,,,,,,
audit,a,u,d,i,t,,0,,,,,,,,,,,,
aught,a,u,g,h,t,,0,,,,,,,,,,,,
avert,a,v,e,r,t,,0,,,,,,,,,,,,
await,a,w,a,i,t,a,2,,,,,,,,,,,,
beast,b,e,a,s,t,,0,,,,,,,,,,,,
beaut,b,e,a,u,t,,0,,,,,,,,,,,,
befit,b,e,f,i,t,,0,,,,,,,,,,,,
beget,b,e,g,e,t,e,2,,,,,,,,,,,,
beret,b,e,r,e,t,e,2,,,,,,,,,,,,
beset,b,e,s,e,t,e,2,,,,,,,,,,,,
bidet,b,i,d,e,t,,0,,,,,,,,,,,,
bight,b,i,g,h,t,,0,,,,,,,,,,,,
bigot,b,i,g,o,t,,0,,,,,,,,,,,,
blast,b,l,a,s,t,,0,,,,,,,,,,,,
bleat,b,l,e,a,t,,0,,,,,,,,,,,,
bloat,b,l,o,a,t,,0,,,,,,,,,,,,
blunt,b,l,u,n,t,,0,,,,,,,,,,,,
blurt,b,l,u,r,t,,0,,,,,,,,,,,,
boast,b,o,a,s,t,,0,,,,,,,,,,,,
boost,b,o,o,s,t,o,2,,,,,,,,,,,,
bract,b,r,a,c,t,,0,,,,,,,,,,,,
bruit,b,r,u,i,t,,0,,,,,,,,,,,,
brunt,b,r,u,n,t,,0,,,,,,,,,,,,
built,b,u,i,l,t,,0,,,,,,,,,,,,
bundt,b,u,n,d,t,,0,,,,,,,,,,,,
burnt,b,u,r,n,t,,0,,,,,,,,,,,,
burst,b,u,r,s,t,,0,,,,,,,,,,,,
cadet,c,a,d,e,t,,0,,,,,,,,,,,,
caput,c,a,p,u,t,,0,,,,,,,,,,,,
carat,c,a,r,a,t,a,2,,,,,,,,,,,,
chant,c,h,a,n,t,,0,,,,,,,,,,,,
chart,c,h,a,r,t,,0,,,,,,,,,,,,
cheat,c,h,e,a,t,,0,,,,,,,,,,,,
chert,c,h,e,r,t,,0,,,,,,,,,,,,
chest,c,h,e,s,t,,0,,,,,,,,,,,,
civet,c,i,v,e,t,,0,,,,,,,,,,,,
cleat,c,l,e,a,t,,0,,,,,,,,,,,,
cleft,c,l,e,f,t,,0,,,,,,,,,,,,
clout,c,l,o,u,t,,0,,,,,,,,,,,,
coast,c,o,a,s,t,,0,,,,,,,,,,,,
comet,c,o,m,e,t,,0,,,,,,,,,,,,
coopt,c,o,o,p,t,o,2,,,,,,,,,,,,
count,c,o,u,n,t,,0,,,,,,,,,,,,
court,c,o,u,r,t,,0,,,,,,,,,,,,
covet,c,o,v,e,t,,0,,,,,,,,,,,,
craft,c,r,a,f,t,,0,,,,,,,,,,,,
crept,c,r,e,p,t,,0,,,,,,,,,,,,
crest,c,r,e,s,t,,0,,,,,,,,,,,,
croft,c,r,o,f,t,,0,,,,,,,,,,,,
cruet,c,r,u,e,t,,0,,,,,,,,,,,,
crust,c,r,u,s,t,,0,,,,,,,,,,,,
crypt,c,r,y,p,t,,0,,,,,,,,,,,,
cubit,c,u,b,i,t,,0,,,,,,,,,,,,
daunt,d,a,u,n,t,,0,,,,,,,,,,,,
davit,d,a,v,i,t,,0,,,,,,,,,,,,
dealt,d,e,a,l,t,,0,,,,,,,,,,,,
debit,d,e,b,i,t,,0,,,,,,,,,,,,
debut,d,e,b,u,t,,0,,,,,,,,,,,,
deist,d,e,i,s,t,,0,,,,,,,,,,,,
delft,d,e,l,f,t,,0,,,,,,,,,,,,
depot,d,e,p,o,t,,0,,,,,,,,,,,,
digit,d,i,g,i,t,i,2,,,,,,,,,,,,
divot,d,i,v,o,t,,0,,,,,,,,,,,,
donut,d,o,n,u,t,,0,,,,,,,,,,,,
doubt,d,o,u,b,t,,0,,,,,,,,,,,,
draft,d,r,a,f,t,,0,,,,,,,,,,,,
drift,d,r,i,f,t,,0,,,,,,,,,,,,
ducat,d,u,c,a,t,,0,,,,,,,,,,,,
duvet,d,u,v,e,t,,0,,,,,,,,,,,,
dwelt,d,w,e,l,t,,0,,,,,,,,,,,,
eclat,e,c,l,a,t,,0,,,,,,,,,,,,
edict,e,d,i,c,t,,0,,,,,,,,,,,,
eejit,e,e,j,i,t,e,2,,,,,,,,,,,,
egret,e,g,r,e,t,e,2,,,,,,,,,,,,
eight,e,i,g,h,t,,0,,,,,,,,,,,,
eject,e,j,e,c,t,e,2,,,,,,,,,,,,
elect,e,l,e,c,t,e,2,,,,,,,,,,,,
enact,e,n,a,c,t,,0,,,,,,,,,,,,
erect,e,r,e,c,t,e,2,,,,,,,,,,,,
ergot,e,r,g,o,t,,0,,,,,,,,,,,,
erupt,e,r,u,p,t,,0,,,,,,,,,,,,
event,e,v,e,n,t,e,2,,,,,,,,,,,,
evict,e,v,i,c,t,,0,,,,,,,,,,,,
exact,e,x,a,c,t,,0,,,,,,,,,,,,
exalt,e,x,a,l,t,,0,,,,,,,,,,,,
exert,e,x,e,r,t,e,2,,,,,,,,,,,,
exist,e,x,i,s,t,,0,,,,,,,,,,,,
expat,e,x,p,a,t,,0,,,,,,,,,,,,
exult,e,x,u,l,t,,0,,,,,,,,,,,,
facet,f,a,c,e,t,,0,,,,,,,,,,,,
faint,f,a,i,n,t,,0,,,,,,,,,,,,
fault,f,a,u,l,t,,0,,,,,,,,,,,,
feast,f,e,a,s,t,,0,,,,,,,,,,,,
feint,f,e,i,n,t,,0,,,,,,,,,,,,
fight,f,i,g,h,t,,0,,,,,,,,,,,,
filet,f,i,l,e,t,,0,,,,,,,,,,,,
first,f,i,r,s,t,,0,,,,,,,,,,,,
fleet,f,l,e,e,t,e,2,,,,,,,,,,,,
float,f,l,o,a,t,,0,,,,,,,,,,,,
front,f,r,o,n,t,,0,,,,,,,,,,,,
frost,f,r,o,s,t,,0,,,,,,,,,,,,
fruit,f,r,u,i,t,,0,,,,,,,,,,,,
ghost,g,h,o,s,t,,0,,,,,,,,,,,,
giant,g,i,a,n,t,,0,,,,,,,,,,,,
grant,g,r,a,n,t,,0,,,,,,,,,,,,
great,g,r,e,a,t,,0,,,,,,,,,,,,
greet,g,r,e,e,t,e,2,,,,,,,,,,,,
guest,g,u,e,s,t,,0,,,,,,,,,,,,
guilt,g,u,i,l,t,,0,,,,,,,,,,,,
habit,h,a,b,i,t,,0,,,,,,,,,,,,
heart,h,e,a,r,t,,0,,,,,,,,,,,,
idiot,i,d,i,o,t,i,2,,,,,,,,,,,,
input,i,n,p,u,t,,0,,,,,,,,,,,,
joint,j,o,i,n,t,,0,,,,,,,,,,,,
least,l,e,a,s,t,,0,,,,,,,,,,,,
light,l,i,g,h,t,,0,,,,,,,,,,,,
limit,l,i,m,i,t,i,2,,,,,,,,,,,,
meant,m,e,a,n,t,,0,,,,,,,,,,,,
merit,m,e,r,i,t,,0,,,,,,,,,,,,
midst,m,i,d,s,t,,0,,,,,,,,,,,,
might,m,i,g,h,t,,0,,,,,,,,,,,,
moist,m,o,i,s,t,,0,,,,,,,,,,,,
mount,m,o,u,n,t,,0,,,,,,,,,,,,
night,n,i,g,h,t,,0,,,,,,,,,,,,
onset,o,n,s,e,t,,0,,,,,,,,,,,,
orbit,o,r,b,i,t,,0,,,,,,,,,,,,
ought,o,u,g,h,t,,0,,,,,,,,,,,,
paint,p,a,i,n,t,,0,,,,,,,,,,,,
pilot,p,i,l,o,t,,0,,,,,,,,,,,,
plant,p,l,a,n,t,,0,,,,,,,,,,,,
point,p,o,i,n,t,,0,,,,,,,,,,,,
print,p,r,i,n,t,,0,,,,,,,,,,,,
quest,q,u,e,s,t,,0,,,,,,,,,,,,
quiet,q,u,i,e,t,,0,,,,,,,,,,,,
quilt,q,u,i,l,t,,0,,,,,,,,,,,,
react,r,e,a,c,t,,0,,,,,,,,,,,,
reset,r,e,s,e,t,e,2,,,,,,,,,,,,
right,r,i,g,h,t,,0,,,,,,,,,,,,
robot,r,o,b,o,t,o,2,,,,,,,,,,,,
scent,s,c,e,n,t,,0,,,,,,,,,,,,
scout,s,c,o,u,t,,0,,,,,,,,,,,,
shaft,s,h,a,f,t,,0,,,,,,,,,,,,
sheet,s,h,e,e,t,e,2,,,,,,,,,,,,
shift,s,h,i,f,t,,0,,,,,,,,,,,,
shirt,s,h,i,r,t,,0,,,,,,,,,,,,
shoot,s,h,o,o,t,o,2,,,,,,,,,,,,
short,s,h,o,r,t,,0,,,,,,,,,,,,
sight,s,i,g,h,t,,0,,,,,,,,,,,,
skirt,s,k,i,r,t,,0,,,,,,,,,,,,
slept,s,l,e,p,t,,0,,,,,,,,,,,,
smart,s,m,a,r,t,,0,,,,,,,,,,,,
spent,s,p,e,n,t,,0,,,,,,,,,,,,
split,s,p,l,i,t,,0,,,,,,,,,,,,
sport,s,p,o,r,t,,0,,,,,,,,,,,,
start,s,t,a,r,t,t,2,,,,,,,,,,,,
sweat,s,w,e,a,t,,0,,,,,,,,,,,,
sweet,s,w,e,e,t,e,2,,,,,,,,,,,,
swept,s,w,e,p,t,,0,,,,,,,,,,,,
swift,s,w,i,f,t,,0,,,,,,,,,,,,
theft,t,h,e,f,t,t,2,,,,,,,,,,,,
tight,t,i,g,h,t,t,2,,,,,,,,,,,,
toast,t,o,a,s,t,t,2,,,,,,,,,,,,
tract,t,r,a,c,t,t,2,,,,,,,,,,,,
trait,t,r,a,i,t,t,2,,,,,,,,,,,,
treat,t,r,e,a,t,t,2,,,,,,,,,,,,
trout,t,r,o,u,t,t,2,,,,,,,,,,,,
trust,t,r,u,s,t,t,2,,,,,,,,,,,,
tweet,t,w,e,e,t,t,2,,,,,,,,,,,,
twist,t,w,i,s,t,t,2,,,,,,,,,,,,
upset,u,p,s,e,t,,0,,,,,,,,,,,,
vault,v,a,u,l,t,,0,,,,,,,,,,,,
visit,v,i,s,i,t,i,2,,,,,,,,,,,,
waist,w,a,i,s,t,,0,,,,,,,,,,,,
wheat,w,h,e,a,t,,0,,,,,,,,,,,,
worst,w,o,r,s,t,,0,,,,,,,,,,,,
wrist,w,r,i,s,t,,0,,,,,,,,,,,,
yacht,y,a,c,h,t,,0,,,,,,,,,,,,
yeast,y,e,a,s,t,,0,,,,,,,,,,,,
adieu,a,d,i,e,u,,0,,,,,,,,,,,,
bayou,b,a,y,o,u,,0,,,,,,,,,,,,
bijou,b,i,j,o,u,,0,,,,,,,,,,,,
cornu,c,o,r,n,u,,0,,,,,,,,,,,,
aglow,a,g,l,o,w,,0,,,,,,,,,,,,
allow,a,l,l,o,w,l,2,,,,,,,,,,,,
arrow,a,r,r,o,w,r,2,,,,,,,,,,,,
askew,a,s,k,e,w,,0,,,,,,,,,,,,
below,b,e,l,o,w,,0,,,,,,,,,,,,
bylaw,b,y,l,a,w,,0,,,,,,,,,,,,
elbow,e,l,b,o,w,,0,,,,,,,,,,,,
endow,e,n,d,o,w,,0,,,,,,,,,,,,
renew,r,e,n,e,w,e,2,,,,,,,,,,,,
screw,s,c,r,e,w,,0,,,,,,,,,,,,
straw,s,t,r,a,w,,0,,,,,,,,,,,,
threw,t,h,r,e,w,,0,,,,,,,,,,,,
throw,t,h,r,o,w,,0,,,,,,,,,,,,
widow,w,i,d,o,w,w,2,,,,,,,,,,,,
affix,a,f,f,i,x,f,2,,,,,,,,,,,,
annex,a,n,n,e,x,n,2,,,,,,,,,,,,
beaux,b,e,a,u,x,,0,,,,,,,,,,,,
borax,b,o,r,a,x,,0,,,,,,,,,,,,
calyx,c,a,l,y,x,,0,,,,,,,,,,,,
codex,c,o,d,e,x,,0,,,,,,,,,,,,
detox,d,e,t,o,x,,0,,,,,,,,,,,,
inbox,i,n,b,o,x,,0,,,,,,,,,,,,
index,i,n,d,e,x,,0,,,,,,,,,,,,
relax,r,e,l,a,x,,0,,,,,,,,,,,,
abbey,a,b,b,e,y,b,2,,,,,,,,,,,,
agony,a,g,o,n,y,,0,,,,,,,,,,,,
allay,a,l,l,a,y,a,2,,,,,,,,,,,,
alley,a,l,l,e,y,l,2,,,,,,,,,,,,
alloy,a,l,l,o,y,l,2,,,,,,,,,,,,
amity,a,m,i,t,y,,0,,,,,,,,,,,,
amply,a,m,p,l,y,,0,,,,,,,,,,,,
angry,a,n,g,r,y,,0,,,,,,,,,,,,
annoy,a,n,n,o,y,n,2,,,,,,,,,,,,
antsy,a,n,t,s,y,,0,,,,,,,,,,,,
apply,a,p,p,l,y,p,2,,,,,,,,,,,,
aptly,a,p,t,l,y,,0,,,,,,,,,,,,
array,a,r,r,a,y,a,2,,,,,,,,,,,,
artsy,a,r,t,s,y,,0,,,,,,,,,,,,
assay,a,s,s,a,y,a,2,,,,,,,,,,,,
atopy,a,t,o,p,y,,0,,,,,,,,,,,,
aunty,a,u,n,t,y,,0,,,,,,,,,,,,
baddy,b,a,d,d,y,d,2,,,,,,,,,,,,
badly,b,a,d,l,y,,0,,,,,,,,,,,,
baggy,b,a,g,g,y,g,2,,,,,,,,,,,,
baldy,b,a,l,d,y,,0,,,,,,,,,,,,
balky,b,a,l,k,y,,0,,,,,,,,,,,,
balmy,b,a,l,m,y,,0,,,,,,,,,,,,
bandy,b,a,n,d,y,,0,,,,,,,,,,,,
barmy,b,a,r,m,y,,0,,,,,,,,,,,,
bassy,b,a,s,s,y,s,2,,,,,,,,,,,,
batty,b,a,t,t,y,t,2,,,,,,,,,,,,
bawdy,b,a,w,d,y,,0,,,,,,,,,,,,
beady,b,e,a,d,y,,0,,,,,,,,,,,,
beamy,b,e,a,m,y,,0,,,,,,,,,,,,
beefy,b,e,e,f,y,e,2,,,,,,,,,,,,
beery,b,e,e,r,y,e,2,,,,,,,,,,,,
belay,b,e,l,a,y,,0,,,,,,,,,,,,
belly,b,e,l,l,y,l,2,,,,,,,,,,,,
bendy,b,e,n,d,y,,0,,,,,,,,,,,,
berry,b,e,r,r,y,r,2,,,,,,,,,,,,
biddy,b,i,d,d,y,d,2,,,,,,,,,,,,
billy,b,i,l,l,y,l,2,,,,,,,,,,,,
bitsy,b,i,t,s,y,,0,,,,,,,,,,,,
bitty,b,i,t,t,y,t,2,,,,,,,,,,,,
bluey,b,l,u,e,y,,0,,,,,,,,,,,,
bobby,b,o,b,b,y,b,3,,,,,,,,,,,,
bogey,b,o,g,e,y,,0,,,,,,,,,,,,
boggy,b,o,g,g,y,g,2,,,,,,,,,,,,
boney,b,o,n,e,y,,0,,,,,,,,,,,,
bonny,b,o,n,n,y,n,2,,,,,,,,,,,,
booby,b,o,o,b,y,b,2,,,,,,,,,,,,
boomy,b,o,o,m,y,o,2,,,,,,,,,,,,
booty,b,o,o,t,y,o,2,,,,,,,,,,,,
boozy,b,o,o,z,y,o,2,,,,,,,,,,,,
boppy,b,o,p,p,y,p,2,,,,,,,,,,,,
bossy,b,o,s,s,y,s,2,,,,,,,,,,,,
briny,b,r,i,n,y,,0,,,,,,,,,,,,
buddy,b,u,d,d,y,d,2,,,,,,,,,,,,
buggy,b,u,g,g,y,g,2,,,,,,,,,,,,
bulky,b,u,l,k,y,,0,,,,,,,,,,,,
bully,b,u,l,l,y,l,2,,,,,,,,,,,,
bumpy,b,u,m,p,y,,0,,,,,,,,,,,,
bunny,b,u,n,n,y,n,2,,,,,,,,,,,,
burly,b,u,r,l,y,,0,,,,,,,,,,,,
bushy,b,u,s,h,y,,0,,,,,,,,,,,,
busty,b,u,s,t,y,,0,,,,,,,,,,,,
buzzy,b,u,z,z,y,z,2,,,,,,,,,,,,
byway,b,y,w,a,y,y,2,,,,,,,,,,,,
cabby,c,a,b,b,y,b,2,,,,,,,,,,,,
caddy,c,a,d,d,y,d,2,,,,,,,,,,,,
cagey,c,a,g,e,y,,0,,,,,,,,,,,,
cakey,c,a,k,e,y,,0,,,,,,,,,,,,
campy,c,a,m,p,y,,0,,,,,,,,,,,,
candy,c,a,n,d,y,,0,,,,,,,,,,,,
canny,c,a,n,n,y,n,2,,,,,,,,,,,,
carry,c,a,r,r,y,r,2,,,,,,,,,,,,
catty,c,a,t,t,y,t,2,,,,,,,,,,,,
chewy,c,h,e,w,y,,0,,,,,,,,,,,,
civvy,c,i,v,v,y,v,2,,,,,,,,,,,,
cocky,c,o,c,k,y,c,2,,,,,,,,,,,,
comfy,c,o,m,f,y,,0,,,,,,,,,,,,
corky,c,o,r,k,y,,0,,,,,,,,,,,,
corny,c,o,r,n,y,,0,,,,,,,,,,,,
covey,c,o,v,e,y,,0,,,,,,,,,,,,
coyly,c,o,y,l,y,y,2,,,,,,,,,,,,
crazy,c,r,a,z,y,,0,,,,,,,,,,,,
crony,c,r,o,n,y,,0,,,,,,,,,,,,
cubby,c,u,b,b,y,b,2,,,,,,,,,,,,
cuddy,c,u,d,d,y,d,2,,,,,,,,,,,,
curly,c,u,r,l,y,,0,,,,,,,,,,,,
curry,c,u,r,r,y,r,2,,,,,,,,,,,,
curvy,c,u,r,v,y,,0,,,,,,,,,,,,
cushy,c,u,s,h,y,,0,,,,,,,,,,,,
daddy,d,a,d,d,y,d,3,,,,,,,,,,,,
daffy,d,a,f,f,y,f,2,,,,,,,,,,,,
daily,d,a,i,l,y,,0,,,,,,,,,,,,
dairy,d,a,i,r,y,,0,,,,,,,,,,,,
daisy,d,a,i,s,y,,0,,,,,,,,,,,,
dandy,d,a,n,d,y,d,2,,,,,,,,,,,,
deary,d,e,a,r,y,,0,,,,,,,,,,,,
decay,d,e,c,a,y,,0,,,,,,,,,,,,
decoy,d,e,c,o,y,,0,,,,,,,,,,,,
decry,d,e,c,r,y,,0,,,,,,,,,,,,
deify,d,e,i,f,y,,0,,,,,,,,,,,,
deity,d,e,i,t,y,,0,,,,,,,,,,,,
delay,d,e,l,a,y,,0,,,,,,,,,,,,
derby,d,e,r,b,y,,0,,,,,,,,,,,,
diary,d,i,a,r,y,,0,,,,,,,,,,,,
dicey,d,i,c,e,y,,0,,,,,,,,,,,,
dicky,d,i,c,k,y,,0,,,,,,,,,,,,
dilly,d,i,l,l,y,l,2,,,,,,,,,,,,
dimly,d,i,m,l,y,,0,,,,,,,,,,,,
dingy,d,i,n,g,y,,0,,,,,,,,,,,,
dinky,d,i,n,k,y,,0,,,,,,,,,,,,
dippy,d,i,p,p,y,p,2,,,,,,,,,,,,
dirty,d,i,r,t,y,,0,,,,,,,,,,,,
dishy,d,i,s,h,y,,0,,,,,,,,,,,,
ditsy,d,i,t,s,y,,0,,,,,,,,,,,,
ditty,d,i,t,t,y,t,2,,,,,,,,,,,,
ditzy,d,i,t,z,y,,0,,,,,,,,,,,,
divvy,d,i,v,v,y,v,2,,,,,,,,,,,,
dizzy,d,i,z,z,y,z,2,,,,,,,,,,,,
dodgy,d,o,d,g,y,d,2,,,,,,,,,,,,
doggy,d,o,g,g,y,g,2,,,,,,,,,,,,
dolly,d,o,l,l,y,l,2,,,,,,,,,,,,
doomy,d,o,o,m,y,o,2,,,,,,,,,,,,
doozy,d,o,o,z,y,o,2,,,,,,,,,,,,
dopey,d,o,p,e,y,,0,,,,,,,,,,,,
dorky,d,o,r,k,y,,0,,,,,,,,,,,,
dotty,d,o,t,t,y,t,2,,,,,,,,,,,,
dowdy,d,o,w,d,y,d,2,,,,,,,,,,,,
downy,d,o,w,n,y,,0,,,,,,,,,,,,
dowry,d,o,w,r,y,,0,,,,,,,,,,,,
drily,d,r,i,l,y,,0,,,,,,,,,,,,
dryly,d,r,y,l,y,y,2,,,,,,,,,,,,
duchy,d,u,c,h,y,,0,,,,,,,,,,,,
ducky,d,u,c,k,y,,0,,,,,,,,,,,,
dully,d,u,l,l,y,l,2,,,,,,,,,,,,
dummy,d,u,m,m,y,m,2,,,,,,,,,,,,
dumpy,d,u,m,p,y,,0,,,,,,,,,,,,
dusky,d,u,s,k,y,,0,,,,,,,,,,,,
dusty,d,u,s,t,y,,0,,,,,,,,,,,,
early,e,a,r,l,y,,0,,,,,,,,,,,,
ebony,e,b,o,n,y,,0,,,,,,,,,,,,
edify,e,d,i,f,y,,0,,,,,,,,,,,,
elegy,e,l,e,g,y,e,2,,,,,,,,,,,,
emery,e,m,e,r,y,e,2,,,,,,,,,,,,
empty,e,m,p,t,y,,0,,,,,,,,,,,,
enemy,e,n,e,m,y,e,2,,,,,,,,,,,,
enjoy,e,n,j,o,y,,0,,,,,,,,,,,,
entry,e,n,t,r,y,,0,,,,,,,,,,,,
envoy,e,n,v,o,y,,0,,,,,,,,,,,,
epoxy,e,p,o,x,y,,0,,,,,,,,,,,,
essay,e,s,s,a,y,s,2,,,,,,,,,,,,
every,e,v,e,r,y,e,2,,,,,,,,,,,,
faery,f,a,e,r,y,,0,,,,,,,,,,,,
fairy,f,a,i,r,y,,0,,,,,,,,,,,,
fancy,f,a,n,c,y,,0,,,,,,,,,,,,
fanny,f,a,n,n,y,n,2,,,,,,,,,,,,
fatty,f,a,t,t,y,t,2,,,,,,,,,,,,
ferny,f,e,r,n,y,,0,,,,,,,,,,,,
ferry,f,e,r,r,y,r,2,,,,,,,,,,,,
fiery,f,i,e,r,y,,0,,,,,,,,,,,,
fifty,f,i,f,t,y,f,2,,,,,,,,,,,,
filly,f,i,l,l,y,l,2,,,,,,,,,,,,
filmy,f,i,l,m,y,,0,,,,,,,,,,,,
fishy,f,i,s,h,y,,0,,,,,,,,,,,,
fitly,f,i,t,l,y,,0,,,,,,,,,,,,
fizzy,f,i,z,z,y,z,2,,,,,,,,,,,,
flaky,f,l,a,k,y,,0,,,,,,,,,,,,
forty,f,o,r,t,y,,0,,,,,,,,,,,,
fully,f,u,l,l,y,l,2,,,,,,,,,,,,
funny,f,u,n,n,y,n,2,,,,,,,,,,,,
glory,g,l,o,r,y,,0,,,,,,,,,,,,
handy,h,a,n,d,y,,0,,,,,,,,,,,,
happy,h,a,p,p,y,p,2,,,,,,,,,,,,
heavy,h,e,a,v,y,,0,,,,,,,,,,,,
hobby,h,o,b,b,y,b,2,,,,,,,,,,,,
holly,h,o,l,l,y,l,2,,,,,,,,,,,,
honey,h,o,n,e,y,,0,,,,,,,,,,,,
imply,i,m,p,l,y,,0,,,,,,,,,,,,
jelly,j,e,l,l,y,l,2,,,,,,,,,,,,
juicy,j,u,i,c,y,,0,,,,,,,,,,,,
lobby,l,o,b,b,y,b,2,,,,,,,,,,,,
lucky,l,u,c,k,y,,0,,,,,,,,,,,,
marry,m,a,r,r,y,r,2,,,,,,,,,,,,
mercy,m,e,r,c,y,,0,,,,,,,,,,,,
merry,m,e,r,r,y,r,2,,,,,,,,,,,,
messy,m,e,s,s,y,s,2,,,,,,,,,,,,
money,m,o,n,e,y,,0,,,,,,,,,,,,
nasty,n,a,s,t,y,,0,,,,,,,,,,,,
newly,n,e,w,l,y,,0,,,,,,,,,,,,
noisy,n,o,i,s,y,,0,,,,,,,,,,,,
party,p,a,r,t,y,,0,,,,,,,,,,,,
penny,p,e,n,n,y,n,2,,,,,,,,,,,,
petty,p,e,t,t,y,t,2,,,,,,,,,,,,
proxy,p,r,o,x,y,,0,,,,,,,,,,,,
puppy,p,u,p,p,y,p,3,,,,,,,,,,,,
query,q,u,e,r,y,,0,,,,,,,,,,,,
rainy,r,a,i,n,y,,0,,,,,,,,,,,,
rally,r,a,l,l,y,l,2,,,,,,,,,,,,
ready,r,e,a,d,y,,0,,,,,,,,,,,,
relay,r,e,l,a,y,,0,,,,,,,,,,,,
reply,r,e,p,l,y,,0,,,,,,,,,,,,
risky,r,i,s,k,y,,0,,,,,,,,,,,,
rocky,r,o,c,k,y,,0,,,,,,,,,,,,
rugby,r,u,g,b,y,,0,,,,,,,,,,,,
sadly,s,a,d,l,y,,0,,,,,,,,,,,,
sandy,s,a,n,d,y,,0,,,,,,,,,,,,
scary,s,c,a,r,y,,0,,,,,,,,,,,,
shiny,s,h,i,n,y,,0,,,,,,,,,,,,
silly,s,i,l,l,y,l,2,,,,,,,,,,,,
sorry,s,o,r,r,y,r,2,,,,,,,,,,,,
spicy,s,p,i,c,y,,0,,,,,,,,,,,,
spray,s,p,r,a,y,,0,,,,,,,,,,,,
story,s,t,o,r,y,,0,,,,,,,,,,,,
study,s,t,u,d,y,,0,,,,,,,,,,,,
sunny,s,u,n,n,y,n,2,,,,,,,,,,,,
tasty,t,a,s,t,y,t,2,,,,,,,,,,,,
today,t,o,d,a,y,,0,,,,,,,,,,,,
truly,t,r,u,l,y,,0,,,,,,,,,,,,
unity,u,n,i,t,y,,0,,,,,,,,,,,,
worry,w,o,r,r,y,r,2,,,,,,,,,,,,
yummy,y,u,m,m,y,y,2,,,,,,,,,,,,
blitz,b,l,i,t,z,,0,,,,,,,,,,,,
